index,number,word,meaning,type
1,1,create,を創り出す；を引き起こす,main
2,2,increase,増加する；を増やす,main
3,3,improve,を向上させる；よくなる,main
4,4,mean,を意味する；（...する）つもりである（to do）,main
5,5,own,を所有している；（事実・罪など）を認める,main
6,6,include,を含む,main
7,7,consider,を見なす；について考える,main
8,8,allow,を許す；を与える；（～を）考慮に入れる（for）,main
9,9,suggest,を提案する；を暗示する,main
10,10,produce,を生産する；を取り出す,main
11,11,decide,を決める；に決着をつける,main
12,12,offer,を提供する，申し出る,main
13,13,require,を要求する；を必要とする,main
14,14,share,を共有する；を分担する,main
15,15,store,を保存する；を蓄える,main
16,16,tend,傾向がある；を世話する,main
17,17,concern,心配している；（～に）関係する（with）；に関連する,main
18,18,describe,について述べる，を説明する,main
19,19,involve,を関与させる；を伴う,main
20,20,reduce,を減らす；を（～に）変える（to）,main\n
21,21,design,を設計する；を計画する,main
22,22,force,に強いる；を強要する,main
23,23,limit,を制限［規制］する,main
24,24,bear,に耐える；を負う；を産む；を（心に）抱く,main
25,25,affect,に影響を及ぼす；を感動させる,main
26,26,deal,〔with〕を処理する；〔in〕を商う；を分配する,main
27,27,avoid,を避ける,main
28,28,relate,を関連づける；（～に）関連する（to）,main
29,29,realize,に気づく；を実現する,main
30,30,encourage,を奨励する；を励ます,main
31,31,compare,を比較する；を（～に）たとえる（to）,main
32,32,measure,を測る；を（比較して）評価する,main
33,33,exist,存在する；生存する,main
34,34,mark,に印をつける；を（記号で）示す；に汚れをつける,main
35,35,challenge,に異議を唱える；（人）に挑む,main
36,36,depend,頼る；～次第である,main
37,37,object,反対する；（...）と言って反対する（that節）,main
38,38,demand,を要求する,main
39,39,found,を設立する；（理論など）を（～に基づいて）築く（on）,main
40,40,complete,を完成させる，仕上げる,main
41,41,idea,考え，思いつき；理解；見解；概念,main
42,42,accord,一致；合意，協定,main
43,43,company,会社；〔集合的に〕仲間；（仲間と）一緒にいること；一座,main
44,44,interest,興味；利子；利害,main
45,45,research,（～についての）研究，調査（into / on / in）,main
46,46,cause,原因；理由；大義,main
47,47,reason,理由；（...する）根拠（to do）；理性；分別,main
48,48,effect,影響，効果；結果,main
49,49,influence,影響（力）,main
50,50,situation,状況；（人の置かれた）立場,main
51,51,environment,環境,main
52,52,skill,技能；熟練,main
53,53,matter,事柄；問題；〔～s〕事態；〔the ～〕困難；物質,main
54,54,view,（～についての）見解（on / about）；（～に対する）（特定の）見方（of）；眺め,main
55,55,value,価値；価格；評価；〔～s〕価値観,main
56,56,species,（生物の）種；種類,main
57,57,thought,考え；思考,main
58,58,knowledge,知識；知っていること；認識,main
59,59,memory,記憶（力）；（～の）思い出（of）,main
60,60,practice,実践，実行；（社会の）慣習；練習,main
61,61,benefit,利益，恩恵；給付金,main
62,62,theory,学説；理論；原理；推測,main
63,63,issue,問題（点）；発行（物）；発表,main
64,64,experiment,（～を対象とする）実験（on）,main
65,65,article,記事；条項；品物,main
66,66,focus,焦点；関心の的,main
67,67,subject,話題；科目；主題；被験者,main
68,68,project,計画；事業；研究計画,main
69,69,quality,質；特質,main
70,70,role,役割；（俳優などの）役,main
71,71,term,（専門）用語；〔～s〕条件；〔～s〕間柄；学期,main
72,72,statement,声明；主張；明細書,main
73,73,material,材料，素材；資料；生地,main
74,74,evidence,証拠,main
75,75,source,（～の）源，根源（of）；出所，情報源,main
76,76,community,（共同）社会，～界；地域社会；地域住民,main
77,77,technology,科学技術；応用技術,main
78,78,culture,文化；教養；耕作；養殖；培養,main
79,79,appropriate,（～に）適切な（for / to）,main
80,80,likely,ありそうな（⇔ unlikely ありそうもない）,main
81,81,possible,可能な；可能性のある,main
82,82,individual,個々の；個人の,main
83,83,public,公の（⇔ private 私的な）；公衆の；公開の,main
84,84,common,共通の；普通の；一般の,main
85,85,certain,確信して；確かな；ある；一定の,main
86,86,similar,似ている，類似した；同様の,main
87,87,recent,最近の,main
88,88,major,主要な；大きい（ほうの）；長調の,main
89,89,patient,忍耐強い；勤勉な,main
90,90,particular,特定の；特別の；（～について）やかましい（about）,main
91,91,physical,身体の（⇔ mental ⇒ 183）；物質的な；物理学の,main
92,92,various,さまざまな；いくつかの,main
93,93,available,手に入る；利用できる；手が空いている,main
94,94,native,出生地の；原産の；生得の,main
95,95,political,政治（上）の,main
96,96,due,予定された；（支払）期日で；しかるべき,main
97,97,blank,空白の；無表情な；がらんとした,main
98,98,ancient,古代の；昔からの,main
99,99,correct,正しい；適切な,main
100,100,despite,～にもかかわらず（≒ in spite of）,main
101,101,notice,に気づく,main
102,102,refer,言及する，関連する；参照する,main
103,103,approach,に近づく；に取り組む,main
104,104,wonder,かなと思う；（に）驚く（at）,main
105,105,imagine,（を）想像する；（を）推測する,main
106,106,recognize,を識別できる；を認める,main
107,107,solve,を解く，解明する；（困難など）を解決する,main
108,108,occur,起こる；心に浮かぶ；現れる,main
109,109,argue,と主張する；議論する,main
110,110,claim,と主張する；を（自分のものとして）要求する,main
111,111,express,を表す，述べる,main
112,112,draw,を引き出す；を引く；を描く；近づく,main
113,113,waste,を浪費する，無駄にする,main
114,114,advance,を進歩させる；を進める；進歩する；進む,main
115,115,spread,を広める；広がる,main
116,116,prepare,を準備する；を調理する；（～のために）準備をする（for）,main
117,117,gain,を獲得する；（を）増す,main
118,118,achieve,を達成する；を成し遂げる,main
119,119,establish,を確立する；を設立する,main
120,120,supply,を供給する,main
121,121,suppose,と思う；と仮定する,main
122,122,perform,（を）行う；（を）演じる，（を）演奏する,main
123,123,prefer,のほうを好む,main
124,124,determine,を決定する；を正確に知る,main
125,125,treat,を扱う；を治療する,main
126,126,prove,を証明する；判明する，わかる,main
127,127,apply,を適用［応用］する；申し込む；（～に）適用される（to / in）,main
128,128,mention,に言及する；と言う,main
129,129,communicate,（～と）情報交換をする（with）；を伝達する,main
130,130,contain,を含む；を収容する；（感情など）を抑える,main
131,131,contact,と連絡を取る；接触する,main
132,132,regard,を見なす；を見る；を評価する,main
133,133,respect,を尊敬する；を尊重する,main
134,134,search,捜す；を捜索する；を詳しく調べる,main
135,135,connect,をつなぐ；を関連づける,main
136,136,decline,減少する；衰退する；を断る,main
137,137,prevent,を妨げる；を防ぐ,main
138,138,suffer,苦しむ；患う；（苦痛など）を経験する,main
139,139,survive,を切り抜けて生き残る；より長生きする；生き延びる,main
140,140,publish,を出版する；を公表する,main
141,141,opportunity,機会（≒ chance）,main
142,142,task,（課せられた）仕事，作業；課題；タスク,main
143,143,industry,産業；勤勉（≒ diligence）,main
144,144,medium,（情報伝達の）媒体；手段,main
145,145,economy,経済（状態）；経済圏；節約,main
146,146,policy,政策，方針；（個人の）主義,main
147,147,account,説明；勘定；口座,main
148,148,trade,貿易；商売，取引,main
149,149,model,模範；モデル；模型；型,main
150,150,figure,数字；姿；人物；図表,main
151,151,cell,細胞；独房；電池,main
152,152,image,印象，イメージ；画像；像,main
153,153,emotion,感情，情動；感動,main
154,154,stress,ストレス；圧力；強調,main
155,155,decade,10年間,main
156,156,range,範囲；射程距離；（同類の）組,main
157,157,character,性格，個性；特徴；登場人物；文字,main
158,158,advantage,利点；優勢；有利,main
159,159,phrase,句；成句；言葉遣い,main
160,160,damage,損害，損傷；〔～s〕損害賠償金,main
161,161,impact,影響；（激しい）衝突；衝撃（力）,main
162,162,method,方法；体系；秩序,main
163,163,resource,〔通例～s〕資源；〔通例～s〕資金；才覚,main
164,164,region,地域；領域；部位,main
165,165,medicine,薬；医学,main
166,166,detail,〔～s〕詳細（な情報），細部,main
167,167,feature,特徴；〔通例～s〕顔つき；特集記事［番組］,main
168,168,function,機能；関数,main
169,169,access,利用，入手；接近（の機会・方法・権利）,main
170,170,item,品目，項目；（同種の中の）～個；（短い）記事,main
171,171,income,収入；所得,main
172,172,attitude,態度；考え方，心構え,main
173,173,site,用地，場所；跡地；（ウェブ）サイト,main
174,174,aspect,（物事の）側面；観点；様相,main
175,175,structure,構造；体系；構造物,main
176,176,habit,習慣，癖,main
177,177,link,関連，つながり；（2地点を結ぶ）交通手段；リンク,main
178,178,instance,（具体的な）例，実例；（特定の）場合,main
179,179,positive,肯定的な；積極的な；確信して；（検査結果が）陽性の,main
180,180,negative,否定的な；消極的な；（検査結果が）陰性の,main
181,181,complex,複雑な；複合（体）の,main
182,182,current,現在の；現代の；通用している,main
183,183,mental,精神の；知能の；頭の中で行う,main
184,184,specific,特定の；明確な，具体的な；（～に）特有の（to）,main
185,185,significant,重要な，重大な；意義深い,main
186,186,essential,（～に）必要不可欠な（to / for）；本質的な,main
187,187,official,公用の；公式の；役所の,main
188,188,financial,財政（上）の；財界の,main
189,189,academic,学問の；大学の,main
190,190,aware,気づいて，知って,main
191,191,worth,（...する）に値する（doing）；の価値がある,main
192,192,potential,潜在的な；可能性を秘めた,main
193,193,active,積極的な；活動的な；効力のある,main
194,194,digital,デジタル方式の；デジタル［数字］表示の,main
195,195,mobile,可動［移動］式の；流動性のある,main
196,196,novel,斬新な，目新しい,main
197,197,plastic,柔軟な；プラスチックの，ビニールの,main
198,198,chemical,化学の，化学的な,main
199,199,necessary,必要な（≒ essential ⇒ 186）,main
200,200,eventually,結局（は）,main
201,201,identify,を特定する；を（～と）同一視する（with）,main
202,202,represent,を表す；を代表する；に相当する,main
203,203,indicate,を指し示す；を述べる,main
204,204,manage,をなんとか成し遂げる；を管理する,main
205,205,attend,に出席する；（を）世話する；（～に）対処［対応］する（to）,main
206,206,maintain,を維持する；と主張する；を養う,main
207,207,survey,を調査する；をじろじろ見る；を概観する,main
208,208,replace,に取って代わる；を取り替える,main
209,209,sort,を（～に）分類する（into）；を（～から）えり分ける（from）,main
210,210,conduct,（調査・実験など）を実施する；を導く,main
211,211,associate,を結び付けて考える；（～と）交際する（with）,main
212,212,attempt,を試みる，企てる,main
213,213,promote,を促進する；〔通例受身形で〕昇進する,main
214,214,earn,を稼ぐ；を得る；をもたらす,main
215,215,unite,を団結させる；（を）結合する；団結する,main
216,216,feed,に食べ物［乳］を与える；に（～を）供給［補給］する（with）；餌を食べる,main
217,217,seek,を追い求める；（助けなど）を要請する,main
218,218,observe,に気づく；を観察する；を遵守する,main
219,219,reveal,を明らかにする；を見せる,main
220,220,estimate,と推定する；を見積もる；を評価する,main
221,221,reflect,を反映する；（を）反射する；（を）熟考する,main
222,222,attract,を引きつける,main
223,223,decrease,減少する（⇔ increase ⇒ 2）；を減らす,main
224,224,ignore,を無視する,main
225,225,match,（と）合う；に匹敵する；一致する,main
226,226,define,を定義する；を明確にする,main
227,227,adapt,適応する；を（～に）適合させる（to）,main
228,228,contribute,貢献する，一因となる；（を）寄付する；（を）寄稿する,main
229,229,exchange,（を）交換する；両替する,main
230,230,display,を示す；を発揮する；を展示［陳列］する,main
231,231,respond,反応する；答える,main
232,232,hide,を隠す（≒ conceal ⇒ 1116）；隠れる,main
233,233,doubt,ではないと思う；を疑う,main
234,234,remove,を取り除く；を解雇する,main
235,235,wind,（ねじなど）を巻く；（道などが）曲がりくねる；巻きつく,main
236,236,assume,を当然のことと思う，と仮定する；（権力など）を手に入れる；（責任など）を引き受ける,main
237,237,relax,くつろぐ；緩む；をくつろがせる；を緩める,main
238,238,satisfy,を満足させる；（条件など）を満たす,main
239,239,desire,を強く望む,main
240,240,succeed,（～に）成功する（in）；（～を）継承する（to）,main
241,241,concept,概念；考え；（商品・販売の）コンセプト,main
242,242,fashion,流行，ファッション；方法，流儀,main
243,243,device,装置，機器；方策；デバイス,main
244,244,charge,料金；世話；管理；告発,main
245,245,contrast,（～との）対照（with / to）,main
246,246,colleague,（職場の）同僚,main
247,247,pain,苦痛，痛み；苦悩；〔～s〕骨折り,main
248,248,bill,請求書；【英】勘定書（≒ 【米】check）；法案,main
249,249,content,内容，中身；コンテンツ,main
250,250,section,部門；部分；地区；欄,main
251,251,audience,〔集合的に〕聴衆，観客；視聴者,main
252,252,surface,表面；〔the ～〕外見,main
253,253,crop,〔しばしば～s〕作物；収穫高,main
254,254,topic,話題，トピック；主題,main
255,255,technique,技術；技巧；手法,main
256,256,status,地位；状態,main
257,257,option,選択（の自由）；選択肢,main
258,258,reward,報酬；報い,main
259,259,race,人種；民族；競争,main
260,260,crime,罪，犯罪；違法行為,main
261,261,conflict,争い；論争；不一致,main
262,262,struggle,闘い；懸命の努力,main
263,263,context,状況，背景；文脈,main
264,264,debate,討論，論争；討論会,main
265,265,fuel,燃料；勢いを増加させるもの,main
266,266,pollution,汚染，公害,main
267,267,trend,（～への）傾向（toward）；流行,main
268,268,balance,均衡，バランス；（体の）平衡；残高,main
269,269,traffic,交通；通行；交通［輸送］量；（不正）取引,main
270,270,strategy,戦略,main
271,271,basis,基礎；根拠；基準,main
272,272,consequence,〔通例～s〕結果；重大性,main
273,273,aim,目的，目標；狙い,main
274,274,ancestor,祖先（⇔ descendant 子孫）；原型,main
275,275,gene,遺伝子,main
276,276,track,跡；軌道；【米】（鉄道の）番線；走路,main
277,277,revolution,革命；回転；（天体の）公転（⇔ rotation 自転）,main
278,278,progress,進歩；前進,main
279,279,cognitive,認知の,main
280,280,ideal,理想的な；観念的な,main
281,281,efficient,効率的な；有能な,main
282,282,universal,普遍的な；宇宙の；万能の,main
283,283,vast,莫大な；広大な,main
284,284,extra,追加の，余分の；別勘定の,main
285,285,entire,全体の，全部の（≒ whole）；完全な,main
286,286,familiar,精通している；よく知られている,main
287,287,obvious,明らかな（≒ clear）,main
288,288,moral,道徳（上）の，倫理的な；道徳的な,main
289,289,ordinary,一般の，普通の；並の,main
290,290,equal,（～に）等しい（to）；匹敵する；平等な,main
291,291,previous,以前の，前の,main
292,292,false,間違った；虚偽の；偽の,main
293,293,rare,まれな，珍しい；希少な,main
294,294,legal,法律の；合法の（⇔ illegal 違法の）,main
295,295,independent,（～から）独立した（of / from）,main
296,296,extreme,極端な；極度の，過激な,main
297,297,actual,実際の，現実の,main
298,298,willing,いとわない，かまわないと思う,main
299,299,urban,都市の；都会的な（⇔ rural ⇒ 387）,main
300,300,whereas,～するのに（対し），～する一方,main
301,301,predict,を予言［予測］する,main
302,302,examine,を調べる；を診察する；を尋問する,main
303,303,trust,を信頼する；を（信頼して）託す,main
304,304,stick,を動けなくする；を突き刺す；（～に）くっつく（to / on）,main
305,305,emerge,現れる；明らかになる；台頭する,main
306,306,vary,さまざまである；変わる；を変える,main
307,307,release,を放出する；を解放する；を発表する,main
308,308,divide,を分ける；分かれる,main
309,309,enable,（人）が...できるようにする；を可能にする,main
310,310,judge,（を）判断する；に判決を下す,main
311,311,rely,頼る（≒ depend ⇒ 36）,main
312,312,engage,を従事させる；を（～として）雇う（as）；（～に）従事する（in / with）,main
313,313,shift,を変える，移す；変わる；移動する,main
314,314,adopt,を採用する；（態度など）をとる；を養子にする,main
315,315,acquire,を得る；を習得する,main
316,316,expand,（を）拡大する；（を）詳説する,main
317,317,refuse,を拒む；を断る；拒絶する,main
318,318,strike,の心を打つ；を襲う；を打つ；（に）ぶつかる,main
319,319,repeat,（を）繰り返す；を復唱する,main
320,320,consume,を消費する；を食べる，飲む,main
321,321,confuse,を混同する；を当惑させる,main
322,322,select,を選ぶ，えり抜く,main
323,323,evolve,（徐々に）発展する；進化する,main
324,324,convince,を納得［確信］させる,main
325,325,recall,を思い出す；を呼び戻す,main
326,326,destroy,を破壊する；（人）を破滅させる,main
327,327,preserve,を保存する；を保持する；を保護する,main
328,328,organize,を準備する；を組織する,main
329,329,warn,（人）に（～を）警告［注意］する（of / against）,main
330,330,address,（問題など）に対処する；に演説する；（手紙など）を（～宛てに）出す（to）,main
331,331,operate,を操作する；機能する；手術する,main
332,332,participate,参加する,main
333,333,surround,を取り巻く；にまつわる,main
334,334,flow,流れる；（～から）生じる（from）,main
335,335,bore,（人）を退屈させる，うんざりさせる,main
336,336,complain,（と）不平［苦情］を言う；訴える,main
337,337,host,を主催する；のホスト役を務める,main
338,338,combine,を（～と）結び付ける（with）；（～と）結び付く（with）,main
339,339,extend,を伸［延］ばす；伸びる；及ぶ,main
340,340,appreciate,を正当に評価する；を鑑賞する；を感謝する,main
341,341,target,（到達・攻撃）目標；的,main
342,342,element,要素，成分；元素；〔an / ofで〕少しの,main
343,343,principle,原則，原理；主義，信条,main
344,344,phenomenon,現象,main
345,345,atmosphere,〔the ～〕大気；雰囲気,main
346,346,origin,起源；源,main
347,347,personality,個性，性格,main
348,348,capacity,（最大）容量，収容能力；（潜在）能力,main
349,349,profit,利益；収益（率）；得,main
350,350,circumstance,〔通例～s〕状況，事情；境遇,main
351,351,manner,〔～s〕作法；方法；物腰,main
352,352,threat,脅威；（悪い）兆し；脅迫,main
353,353,resident,居住者；滞在者,main
354,354,wealth,富；資源；富裕,main
355,355,institution,機関；協会；施設；制度,main
356,356,authority,〔通例 the ～ties〕（関係）当局；権威；権限,main
357,357,vote,投票；投票結果；〔the ～〕選挙権,main
358,358,sight,光景；〔the ～s〕名所；見（え）ること；視野；視力,main
359,359,campaign,運動；軍事行動,main
360,360,fund,〔しばしば～s〕基金，資金,main
361,361,web,〔the W-〕ウェブ；（クモの）巣,main
362,362,symbol,象徴，シンボル；記号；標章,main
363,363,analysis,分析（結果）（⇔ synthesis ⇒ 1868）,main
364,364,version,（本・製品などの）版；解釈,main
365,365,perspective,観点，見方；大局観；遠近法,main
366,366,crisis,危機,main
367,367,disaster,災害；惨事,main
368,368,lecture,講義，講演；説教,main
369,369,psychology,心理学；心理（状態）,main
370,370,gender,（社会的・文化的）性，性別,main
371,371,custom,（社会的な）慣習；〔～s〕税関；〔～s〕関税,main
372,372,court,裁判所，法廷；裁判；宮廷；中庭,main
373,373,desert,砂漠；不毛の地,main
374,374,soil,土地，土壌；（悪事などの）温床,main
375,375,agriculture,農業；農学，畜産,main
376,376,fossil,化石；時代遅れの人［物］,main
377,377,document,（公）文書，書類；記録，資料,main
378,378,vocabulary,語彙,main
379,379,intelligent,聡明な；知能を有する,main
380,380,conscious,意識して，気づいて（≒ aware）,main
381,381,capable,能力がある；有能な,main
382,382,accurate,正確な；精密な,main
383,383,fundamental,基本的な；必須の,main
384,384,artificial,人工の（⇔ natural 自然の）；不自然な,main
385,385,firm,確固たる；堅固な；安定した,main
386,386,overall,総合的な；全体的な,main
387,387,rural,田舎の（⇔ urban ⇒ 299），田園の,main
388,388,military,軍の，軍事（用）の,main
389,389,nuclear,核の，原子力の,main
390,390,biological,生物学（上）の,main
391,391,constant,絶え間ない；一定の,main
392,392,severe,（人・規律・事態・天気などが）厳しい；猛烈な,main
393,393,visual,視覚の；目に見える,main
394,394,enormous,莫大な，巨大な,main
395,395,convenient,便利な，都合のいい,main
396,396,domestic,家庭の；国内の；（動物が）飼いならされた,main
397,397,mass,大規模な，大量の；大衆（向け）の,main
398,398,typical,典型的な；（～に）特有の（of）,main
399,399,overseas,海外へ［に，で］（≒ abroad）,main
400,400,nevertheless,それにもかかわらず（≒ nonetheless ⇒ 1000）,main
401,401,demonstrate,を論証［証明］する；デモをする,main
402,402,behave,振る舞う；作動する,main
403,403,educate,を教育する；に教える；（能力など）を養う,main
404,404,purchase,を購入する,main
405,405,recommend,を勧める,main
406,406,admit,（を）（しぶしぶ）認める；に（～への）入場［入学など］を認める（to / into）,main
407,407,generate,を生み出す；（電気など）を発生させる,main
408,408,explore,（を）調査［探究］する；（を）探検［探査］する,main
409,409,amaze,をびっくりさせる,main
410,410,tear,を引き裂く；裂ける,main
411,411,settle,を解決する；（に）移り住む；を落ち着かせる,main
412,412,afford,を持つ［する］余裕がある；を与える,main
413,413,conclude,と結論づける；を締めくくる；を締結する,main
414,414,advertise,を宣伝する；（～を求める）広告を出す（for）,main
415,415,encounter,に遭遇する；に（思いがけず）出会う,main
416,416,remind,に思い出させる,main
417,417,locate,〔受身形で〕位置する；の位置を探し当てる,main
418,418,aid,を援助する，助ける（≒ help）,main
419,419,bite,（を）かむ，（に）かみつく；（を）刺す,main
420,420,deliver,を配達する；（演説・講義）をする；子を産む,main
421,421,perceive,に気づく；を知覚する；を理解する,main
422,422,distinguish,を区別する,main
423,423,imply,を暗に意味する；を必然的に伴う,main
424,424,handle,を処理する，扱う；を論じる；を商う,main
425,425,praise,を（～のことで）賞賛する（for）；賛美する,main
426,426,appeal,訴える；抗議する；（上級審に）上訴する,main
427,427,insist,（を）強く主張する；要求する,main
428,428,compete,競う；〔通例否定文で〕（～に）匹敵する（with）,main
429,429,rank,を位置づける，評価する；（ある地位に）位置する,main
430,430,deny,を否定する；を拒む,main
431,431,reject,を拒否する,main
432,432,intend,を意図する,main
433,433,expose,をさらす；を暴露する；を露出する,main
434,434,favor,に賛成する；を好む；をひいきする,main
435,435,inspire,（人）を奮起させる；を喚起する,main
436,436,propose,を提案する；をもくろむ；結婚を申し込む,main
437,437,spell,（語）をつづる；という語になる,main
438,438,breathe,呼吸する；を吸う,main
439,439,repair,を修理する（≒ fix）；を修復する,main
440,440,consist,（～から）成る（of）；（～に）ある（in）,main
441,441,comment,意見，コメント；批判,main
442,442,instruction,〔通例～s〕指示；〔～s〕（製品の）使用書,main
443,443,religion,宗教；信条；信仰（心）,main
444,444,neighborhood,地域；近所,main
445,445,laboratory,実験室，研究室,main
446,446,presence,存在；出席；面前,main
447,447,confidence,自信；信頼；秘密,main
448,448,harm,害，損害,main
449,449,instrument,器具；楽器（≒ musical instrument）,main
450,450,category,部類，区分；範疇,main
451,451,capital,資本；首都；大文字（≒ capital letter）,main
452,452,outcome,結果（≒ result）；成果,main
453,453,notion,概念，観念；見解；意向,main
454,454,review,（書物などの）論評；再調査；【米】復習,main
455,455,trait,特性（≒ feature）,main
456,456,diversity,多様性；相違点,main
457,457,victim,犠牲（者），被害者,main
458,458,occasion,場合，時；行事；機会,main
459,459,facility,施設，設備；機能；才能,main
460,460,stock,在庫品；蓄え；株,main
461,461,conference,会議；協議,main
462,462,humanity,人類；人間性；人情；〔（the） ～ties〕人文科学,main
463,463,dialect,方言,main
464,464,proportion,割合；部分；釣り合い,main
465,465,tip,助言，秘訣；チップ；先端,main
466,466,lawyer,弁護士,main
467,467,stuff,（漠然と）物；素材；素質,main
468,468,comfort,快適さ；慰め,main
469,469,philosophy,哲学；原理；人生観,main
470,470,mammal,哺乳動物,main
471,471,quantity,量（⇔ quality ⇒ 69）；分量,main
472,472,landscape,風景；領域；状況,main
473,473,tribe,部族；仲間,main
474,474,organ,器官，臓器；組織；（パイプ）オルガン,main
475,475,trial,試み，（品質・性能などの）試験；裁判；試用期間,main
476,476,norm,規範；標準,main
477,477,code,規範；暗号；法典,main
478,478,substance,物質；実体；趣旨,main
479,479,multiple,多様な；種々雑多な,main
480,480,numerous,非常に数の多い,main
481,481,narrow,狭い；細い；限られた,main
482,482,widespread,広範囲にわたる；広く普及した,main
483,483,sufficient,（～に；…するのに）十分な（for；to do）,main
484,484,proper,適切な；正式の；〔名詞の後ろで〕主要な；（～に）固有の（to）,main
485,485,linguistic,言語の，言語学の,main
486,486,annual,年1回の，例年の；1年間の,main
487,487,contemporary,現代の；同時代の；同年輩の,main
488,488,contrary,（～と）反対の（to）,main
489,489,strict,（規則などが）厳しい；厳格な,main
490,490,civil,市民の；民間の；民事の（⇔ criminal 刑事の）,main
491,491,odd,奇妙な（≒ strange）；奇数の,main
492,492,unknown,不明の；（～に）知られていない（to），無名の,main
493,493,superior,よりすぐれた（⇔ inferior ⇒ 1092）,main
494,494,sensitive,敏感な；神経質な；微妙な,main
495,495,violent,（人・気質などが）激しい；暴力的な,main
496,496,virtual,仮想の；事実上の,main
497,497,regardless,（～に）かまわない，無頓着な（of）,main
498,498,immediate,即座の；当面の；すぐそばの；直接の,main
499,499,crucial,重要な,main
500,500,somewhat,いくぶん，多少,main
501,501,interpret,を解釈する；（を）通訳する,main
502,502,translate,を翻訳する；を（～に）変える（into）,main
503,503,concentrate,（を）集中する,main
504,504,request,に（…するように）頼む（to do）；を要請する,main
505,505,criticize,を批判する；を批評する,main
506,506,overcome,を克服する,main
507,507,obtain,を得る,main
508,508,inform,に知らせる；情報を提供する,main
509,509,ensure,を確実にする（≒ make sure）；を守る,main
510,510,announce,を発表［公表］する，知らせる；（物事が）を告げる,main
511,511,grant,（人）に（許可・権利など）を与える；を認める,main
512,512,freeze,凍る；を凍らせる；（計画・資金など）を凍結する,main
513,513,oppose,に反対する；を対抗［対比］させる,main
514,514,differ,異なる,main
515,515,hate,をひどく嫌う；を残念に思う,main
516,516,emphasize,を強調する；を重視する,main
517,517,employ,を雇う（≒ give ～ a job）；を使う（≒ use）,main
518,518,credit,（功績など）を（～に）帰する（to）；を信じる,main
519,519,transform,を変える；変わる,main
520,520,construct,を建設する（＝ build）；を構成する,main
521,521,arise,生じる,main
522,522,beat,を打ち負かす；（を）打つ，たたく,main
523,523,regret,を後悔する,main
524,524,alter,を変える；変わる（≒ change）,main
525,525,absorb,を吸収する；を併合する；を夢中にさせる,main
526,526,disappoint,を失望させる；（希望など）をくじく,main
527,527,cure,を治す；を取り除く；（病気が）治る,main
528,528,transport,を輸送する；を運ぶ,main
529,529,rush,急いで行く；性急に行動する；をせき立てる,main
530,530,hang,を掛ける；を絞首刑にする；垂れ（下が）る,main
531,531,blame,を責める；の責任を負わせる,main
532,532,ban,を（法的に）禁止する；を締め出す,main
533,533,fascinate,を魅了する,main
534,534,recover,回復する；を取り戻す,main
535,535,celebrate,を祝う；を挙行する,main
536,536,manufacture,を製造する；をでっち上げる,main
537,537,interact,影響し合う；相互に作用する,main
538,538,arrange,の段取りをつける；を手配する；を配置する,main
539,539,adjust,を調整する；を適合させる；順応する,main
540,540,confirm,を確認する；を裏づける,main
541,541,insight,見識，理解（力）；洞察力,main
542,542,innovation,革新；新機軸,main
543,543,budget,予算；経費,main
544,544,fee,料金；謝礼,main
545,545,expense,経費；費用；犠牲,main
546,546,debt,借金，負債；恩義,main
547,547,loan,貸付金，融資；貸すこと,main
548,548,duty,義務；〔しばしば～ties〕職務；関税,main
549,549,alarm,不安，恐れ；警報装置,main
550,550,emergency,緊急（事態）,main
551,551,democracy,民主主義，民主政治；民主国家,main
552,552,minister,大臣；（プロテスタント系の）聖職者,main
553,553,fellow,仲間，同僚；同級生；男,main
554,554,candidate,（～の）候補（者）（for）；志願者,main
555,555,corporation,（大）企業；法人,main
556,556,stereotype,固定観念；決まり文句,main
557,557,route,道（筋）；路線，ルート；（～の）手段（to）,main
558,558,disorder,障害，（心身の）不調；混乱,main
559,559,depression,憂うつ；うつ病；不況；低気圧,main
560,560,weapon,兵器，武器（≒ arms）,main
561,561,immigration,（他国からの）移民，移住；入国管理,main
562,562,barrier,（～に対する）障壁（against / to）；防壁,main
563,563,disadvantage,不利（な点）；障害；（信用などの）損失,main
564,564,mood,気分；機嫌；雰囲気,main
565,565,motion,動き，動作；運動；動議,main
566,566,routine,決まり切った仕事；いつもの手順,main
567,567,discipline,規律，しつけ；訓練；懲戒；学問分野,main
568,568,myth,作り話；神話,main
569,569,hypothesis,仮説；憶測,main
570,570,physician,【主に米】 医師（≒ doctor）；内科医,main
571,571,client,顧客（≒ customer）；（弁護士などの）依頼人,main
572,572,colony,植民地；集団居住地；（動植物の）コロニー,main
573,573,statistics,統計；統計学,main
574,574,grain,穀物；粒；きめ,main
575,575,ingredient,材料，成分；（成功の）要因,main
576,576,treasure,宝物，財宝；財産,main
577,577,contract,契約（書）；協定,main
578,578,welfare,福祉，幸福,main
579,579,prime,主要な，最も重要な；最適な；極上の,main
580,580,curious,好奇心の強い；奇妙な,main
581,581,dramatic,劇的な；演劇の,main
582,582,distinct,明らかに異なる；明瞭な,main
583,583,anxious,心配して；切望して,main
584,584,vital,必要不可欠な；活気のある；生命にかかわる,main
585,585,conventional,従来の；月並みな,main
586,586,abstract,抽象的な（⇔ concrete ⇒ 783）,main
587,587,minor,重要でない；小さい（⇔ major ⇒ 88）,main
588,588,extraordinary,並はずれた；異常な，驚くべき,main
589,589,stable,安定した（⇔ unstable 不安定な）；動じない,main
590,590,flexible,融通の利く，柔軟な,main
591,591,brief,簡潔な；短い,main
592,592,aggressive,攻撃的な；意欲的な,main
593,593,visible,（目に）見える（⇔ invisible 見えない）；明白な,main
594,594,unexpected,思いがけない，不意の,main
595,595,ethnic,民族の，人種の；民族特有の,main
596,596,alien,（～にとって）異質の（to）；外国の；宇宙人の,main
597,597,initial,初めの,main
598,598,exact,正確な；まさにその,main
599,599,precise,正確な（≒ exact）；精密な；まさにその,main
600,600,latter,後者の（⇔ former 前者の），後半の,main
601,601,commit,〔commit oneselfまたは受身形で〕献身する；（罪など）を犯す；を投入する,main
602,602,stimulate,を刺激する,main
603,603,enhance,（価値など）を高める，増す,main
604,604,pursue,を追求する；に従事する,main
605,605,react,反応する；化学反応を起こす,main
606,606,disagree,不賛成である；意見が食い違う,main
607,607,stare,じっと見る；を見つめる,main
608,608,abandon,を捨てる；を放棄する，断念する,main
609,609,quit,をやめる；（場所）を去る,main
610,610,capture,をとらえる；をとりこにする,main
611,611,transfer,を移す；を伝える；移る；乗り換える,main
612,612,bother,を悩ます；（～を）気にかける（about / with）,main
613,613,persuade,を説得する；に確信させる,main
614,614,rent,を賃借りする；を賃貸しする,main
615,615,breed,を繁殖させる，育てる；繁殖する,main
616,616,invest,（を）投資する；に（～を）与える（with）,main
617,617,reserve,を予約する；を取っておく；（判断など）を保留する,main
618,618,trace,（足跡・起源など）をたどる；を捜し出す,main
619,619,illustrate,を説明する；に挿絵を入れる,main
620,620,advise,に忠告［助言］する；（を）助言する,main
621,621,convey,を伝える；を運ぶ，運搬する,main
622,622,attach,を（取り）付ける；を付与する,main
623,623,stretch,を伸ばす；を広げる；伸びる；及ぶ,main
624,624,puzzle,を当惑させる,main
625,625,disturb,をかき乱す；を妨害する；を動揺させる,main
626,626,crash,衝突する，墜落する；をぶつけて壊す,main
627,627,cope,うまく処理する,main
628,628,permit,を許可する（≒ allow）（⇔ forbid ⇒ 1013）,main
629,629,impress,を感動させる；に印象を与える,main
630,630,suspect,ではないかと思う；（人）を疑う,main
631,631,upset,を動揺させる；をだめにする,main
632,632,frighten,（人）を怖がらせる,main
633,633,import,を輸入する（⇔ export （を）輸出する）；を取り込む,main
634,634,export,（を）輸出する（⇔ import を輸入する）,main
635,635,investigate,を調査する；を究明する；（～を）調査する（into）,main
636,636,monitor,を監視する；を傍受する,main
637,637,calculate,を計算する；を予測する,main
638,638,eliminate,を取り除く,main
639,639,ease,を軽減する；和らぐ；緩む,main
640,640,launch,を開始する；を売り出す；を発射する,main
641,641,sequence,連続；一連（のもの）,main
642,642,therapy,療法；心理療法,main
643,643,symptom,症状；兆候（≒ sign）,main
644,644,incident,出来事，事件；紛争,main
645,645,witness,目撃者（≒ eyewitness）；証人；証拠，証言,main
646,646,sum,（金）額；合計；要点,main
647,647,burden,負担；（重い）義務；積み荷,main
648,648,tone,口調；音色；雰囲気；色調,main
649,649,honor,光栄；名誉（⇔ dishonor 不名誉）；敬意,main
650,650,award,（～の）賞（for）；（証書などの）授与,main
651,651,priority,優先（事項）,main
652,652,logic,論理；道理；論理学,main
653,653,minimum,最小限度（⇔ maximum ⇒ 965）,main
654,654,exception,（～の）例外（to）,main
655,655,clue,（～の）手がかり（to / about）；（パズルの）ヒント,main
656,656,bond,絆；債券；束縛；接着剤,main
657,657,virus,ウイルス；（感染症の）病原体,main
658,658,surgery,（外科）手術；外科，外科医学,main
659,659,insurance,保険；保険料；保険金,main
660,660,frame,枠，（額）縁；骨組み；体格,main
661,661,shelter,避難（所），保護,main
662,662,territory,領土；（活動の）領域；（動物の）テリトリー,main
663,663,boundary,境界（線）；限界,main
664,664,habitat,生息地；（人の）居住地,main
665,665,district,地区；行政区,main
666,666,conservation,（動植物などの）保護；保存,main
667,667,harvest,収穫（物）；収穫期；漁獲高,main
668,668,predator,捕食動物；略奪者,main
669,669,trap,わな；苦境,main
670,670,trick,こつ；策略；いたずら；芸当,main
671,671,fault,〔通例one's ～〕責任；欠点；誤り,main
672,672,discount,割引,main
673,673,bias,偏見；傾向,main
674,674,cooperation,協力，共同,main
675,675,patent,特許（権）；特許品,main
676,676,dialogue,対話，会話；意見の交換,main
677,677,component,構成要素；部品,main
678,678,reputation,評判；名声,main
679,679,verbal,言葉の；口頭での；動詞の,main
680,680,internal,内部の（⇔ external ⇒ 989）；国内の；内面的な,main
681,681,solid,しっかりした；硬い；固体の,main
682,682,remote,（～から）遠く離れた（from）；かけ離れた,main
683,683,principal,主要な；資本金の,main
684,684,sophisticated,高性能の，精巧な；洗練された,main
685,685,equivalent,等しい，相当する,main
686,686,rational,理性的な；合理的な,main
687,687,relevant,関係がある；適切な,main
688,688,absolute,絶対的な（⇔ relative 相対的な）,main
689,689,frequent,頻繁な,main
690,690,permanent,永続的な（⇔ temporary ⇒ 793）,main
691,691,intense,強烈な；熱烈な,main
692,692,meaningful,意味のある,main
693,693,evil,邪悪な；有害な,main
694,694,extinct,絶滅した；廃止された,main
695,695,random,無作為の；手当たり次第の,main
696,696,raw,生の；未加工の,main
697,697,rude,無礼な（⇔ polite 礼儀正しい）；粗野な,main
698,698,mere,単なる，ほんの,main
699,699,tropical,熱帯の,main
700,700,forth,前へ，先へ；それ以降,main
701,701,possess,を所有している；の心をとらえる,main
702,702,dominate,を支配する；（～より）優勢である（over）,main
703,703,guarantee,を保証する,main
704,704,melt,溶ける；なごむ；を溶かす,main
705,705,embarrass,に恥ずかしい思いをさせる,main
706,706,discourage,（人）にやる気をなくさせる；を落胆させる（⇔ encourage ⇒ 30）,main
707,707,detect,を感知する；を見つけ出す；に気づく,main
708,708,devote,をささげる,main
709,709,urge,に（強く）促す；を強く主張する；を駆り立てる,main
710,710,lend,を貸す（⇔ borrow を借りる）；（人）に（助言・援助など）を与える,main
711,711,restrict,を制限する,main
712,712,isolate,を孤立させる,main
713,713,accompany,に同行する；に付随する,main
714,714,exhaust,を疲れ果てさせる；を使い尽くす；排気する,main
715,715,annoy,を悩ます；〔受身形で〕腹が立つ,main
716,716,endanger,を危険にさらす,main
717,717,acknowledge,（事実など）を認める（≒ admit ⇒ 406）；に謝意を表す,main
718,718,admire,に（～のことで）敬服［感心］する（for）,main
719,719,evaluate,を評価する；を査定する,main
720,720,declare,を宣言する；を申告する,main
721,721,secure,を確保する；を守る,main
722,722,specialize,専門とする；【英】（～を）専攻する（in）（≒ 【米】major）,main
723,723,attribute,（結果など）を（～に）帰する（to）,main
724,724,pretend,（の）ふりをする,main
725,725,bury,を埋める；を埋葬する；を隠す,main
726,726,reverse,を逆転させる；を反対にする,main
727,727,resist,に抵抗する；〔通例否定文で〕を我慢する,main
728,728,scare,をおびえさせる；を脅す,main
729,729,imitate,をまねる；を模造する,main
730,730,assist,（を）援助する；を手伝う,main
731,731,resemble,に似ている,main
732,732,retire,（～から）引退する，退職する（from）；退く,main
733,733,neglect,をおろそかにする，怠る；を無視する,main
734,734,collapse,崩壊する；（人が）倒れる；を折り畳む,main
735,735,reform,を改革する；を改心させる,main
736,736,protest,（に）抗議する；を主張する,main
737,737,owe,に借りがある；のおかげである,main
738,738,sustain,を持続させる；を支える,main
739,739,assign,を割り当てる；を（～に）配属する（to）,main
740,740,accomplish,を成し遂げる,main
741,741,wisdom,知恵；賢明さ；学識,main
742,742,literacy,読み書きの能力；（特定分野の）知識,main
743,743,heritage,遺産,main
744,744,mission,使命；（外交）使節団；布教,main
745,745,license,免許（証）；許可,main
746,746,elite,〔通例the ～〕〔集合的に〕エリート,main
747,747,layer,層,main
748,748,motor,モーター；原動力,main
749,749,protein,たんぱく質,main
750,750,profession,職業；専門職；同業者仲間,main
751,751,editor,編集者；編集長,main
752,752,agent,仲介者，代理人；薬剤,main
753,753,globe,地球（≒ earth）；世界；球,main
754,754,haven,避難所，保護区；港,main
755,755,row,列；（建物が並ぶ）通り,main
756,756,sacrifice,犠牲；いけにえ,main
757,757,means,〔単数・複数扱い〕手段；〔複数扱い〕資力，収入,main
758,758,session,集まり；（議会の）会期；（開会中の）議会,main
759,759,league,（競技）連盟；同盟,main
760,760,contest,コンテスト，競技（会）；争い,main
761,761,guard,警備員；警備隊；監視，警戒,main
762,762,opponent,（試合・論争などの）相手；反対者,main
763,763,glance,（～を）ちらっと見ること（at）,main
764,764,divorce,離婚；分離,main
765,765,tissue,（生物の）組織；ティッシュペーパー,main
766,766,liquid,液体,main
767,767,inequality,不平等；不公平な事柄,main
768,768,prejudice,（～に対する）偏見（against）（≒ bias）,main
769,769,justice,公正，正義；司法,main
770,770,guideline,指針，ガイドライン；指導基準,main
771,771,platform,プラットフォーム；演壇；舞台,main
772,772,sector,（社会・経済などの）部門，セクター；（都市内の）地域,main
773,773,channel,チャンネル；伝達経路；海峡,main
774,774,glacier,氷河,main
775,775,primate,霊長目の動物,main
776,776,usage,（使）用法；語法；習慣,main
777,777,fortune,財産；幸運（≒ luck）；運命,main
778,778,correlation,相互関係，相関（関係）,main
779,779,artistic,芸術的な,main
780,780,literary,文学の；文語の（⇔ colloquial 口語体の）,main
781,781,classic,第一級の；典型的な；定番の,main
782,782,liberal,自由主義の；寛大な；一般教養の,main
783,783,concrete,具体的な（⇔ abstract ⇒ 586）；有形の,main
784,784,slight,わずかな；取るに足らない,main
785,785,federal,連邦（政府）の,main
786,786,primitive,原始的な；未開の,main
787,787,unfamiliar,（～に）不慣れな（with）；（～に）（よく）知られていない（to）,main
788,788,subtle,微妙な；（気体などが）希薄な,main
789,789,plain,明らかな；平易な；飾りのない；率直な,main
790,790,marine,海の；船舶の,main
791,791,apparent,明白な；一見～らしい,main
792,792,reluctant,気が進まない，嫌がる（⇔ willing ⇒ 298）,main
793,793,temporary,一時的な（⇔ permanent ⇒ 690）,main
794,794,guilty,罪悪感のある；（～について）有罪の（of）,main
795,795,royal,王の,main
796,796,pure,純粋な；潔白な；まったくの,main
797,797,incredible,信じられない；すばらしい,main
798,798,eager,（～を）熱望して（for）；熱心な,main
799,799,adequate,十分な；適切な（⇔ inadequate 不適切な）,main
800,800,via,～経由で；～の媒介で,main
801,801,assess,を評価する；を査定する,main
802,802,approve,賛成する；を承認する,main
803,803,remark,と述べる；（～について）意見を述べる（on / upon）,main
804,804,pose,（危険）を引き起こす；（問題など）を提起する；ポーズをとる；（～を）装う（as）,main
805,805,yield,をもたらす；を（～に）譲る（to）；（～に）屈する（to）,main
806,806,exhibit,を示す，見せる；を展示する,main
807,807,distribute,を（～に）分配する（to）；〔受身形で〕分布する,main
808,808,command,を命じる；を指揮する；（景色）を見渡せる,main
809,809,occupy,（空間・時間）を占める；を占領する,main
810,810,pop,ひょいと動く；不意に現れる；ポンとはじける,main
811,811,pile,を積み重ねる；積み重なる,main
812,812,greet,に挨拶する；を迎える,main
813,813,apologize,（～に；～のことで）謝る（to；for）；弁明する,main
814,814,frustrate,をいら立たせる；（計画・希望など）を挫折させる,main
815,815,relieve,を和らげる；〔受身形で〕（...して）安心する（to do）；を解放する,main
816,816,derive,由来する；を引き出す；を推論する,main
817,817,deserve,に値する,main
818,818,peer,（～を）じっと見る（at / into）,main
819,819,defeat,を負かす（≒ beat）；を失敗させる,main
820,820,convert,を変える；を改宗［転向］させる；を交換する,main
821,821,wed,と結婚する；を（～と）結婚させる（to）,main
822,822,delight,を喜ばせる；（～を）大いに喜ぶ（in）,main
823,823,boost,を押し上げる；を増加させる,main
824,824,endure,に耐える（≒ put up with）；（に）持ちこたえる,main
825,825,correspond,一致する；（～に）相当する（to）；文通する,main
826,826,impose,を課す；を押しつける,main
827,827,rescue,を救う,main
828,828,resolve,を解決する；を決意する；を議決する,main
829,829,register,を記録する，登録する；（～に）登録する（for）,main
830,830,interrupt,を中断させる；（の）邪魔をする,main
831,831,rid,から（～を）取り除く，除去する（of）,main
832,832,prohibit,を禁止する,main
833,833,compose,を構成する；を創作する；を鎮静する,main
834,834,misunderstand,（を）誤解する,main
835,835,punish,を罰する；に損傷を与える,main
836,836,ruin,をだめにする；を破滅させる；破滅する,main
837,837,defend,を防御する；を弁護する,main
838,838,embrace,を受け入れる；（を）抱擁する；を包含する,main
839,839,modify,を修正する；を緩和する,main
840,840,qualify,（人）に資格を与える；資格がある,main
841,841,passion,情熱；熱中；激怒,main
842,842,enthusiasm,（～への）熱情，熱意（for）,main
843,843,phase,段階，局面；側面,main
844,844,mode,方式；気分；形態；流行,main
845,845,span,期間；範囲,main
846,846,gravity,重力，引力；重量；重大さ,main
847,847,orbit,軌道；（活動・勢力などの）範囲,main
848,848,asteroid,小惑星（≒ minor planet）；ヒトデ（＝ starfish）,main
849,849,core,核心；芯,main
850,850,soul,精神；魂，霊魂；生気,main
851,851,nerve,神経；〔～s〕神経過敏；（...する）度胸（to do）,main
852,852,infection,感染（症）,main
853,853,mall,【主に米】 モール，ショッピングセンター,main
854,854,grocery,〔～ies〕食料雑貨；食料雑貨店,main
855,855,humor,ユーモア；気分，機嫌；気質,main
856,856,instinct,本能；勘，直感；（自然に起こる）衝動,main
857,857,faith,（～への）信頼（in）；信仰（心）,main
858,858,courage,勇気,main
859,859,incentive,動機（づけ）；報奨金,main
860,860,prospect,見込み；〔～s〕（未来への）展望；有望な人,main
861,861,obstacle,（～に対する）障害（物）（to）,main
862,862,architecture,建築；建築様式；構造,main
863,863,stem,（草木の）茎，幹,main
864,864,illusion,錯覚，思い違い；幻想,main
865,865,discrimination,（～に対する）差別（against）；区別,main
866,866,shame,恥；残念なこと,main
867,867,drought,干ばつ；（慢性的な）不足,main
868,868,flavor,風味；特色,main
869,869,portion,部分；1人前；割り当て,main
870,870,recipe,調理法，レシピ；手順；秘訣,main
871,871,luxury,ぜいたく（品）；〔形容詞的に〕豪華な,main
872,872,chip,小片，破片；欠けた箇所；集積回路,main
873,873,ritual,儀式；（日常の）習慣的行為,main
874,874,sake,〔for the ～ ofで〕のために，の目的で；に免じて,main
875,875,prefecture,（日本の）県，府；（フランスなどの）県,main
876,876,council,（地方）議会；評議会；（公の）会議,main
877,877,administration,管理（部）；行政；政府（機関）,main
878,878,curriculum,教育課程，カリキュラム,main
879,879,precious,貴重な；高価な（≒ valuable）,main
880,880,generous,寛大な；気前のよい（⇔ stingy けちな）；豊富な,main
881,881,casual,何気ない；形式ばらない,main
882,882,optimistic,楽観的な（⇔ pessimistic ⇒ 1593）,main
883,883,rough,粗い；大まかな；乱暴な,main
884,884,unpleasant,不愉快な；不親切な，無礼な,main
885,885,Arctic,北極の（⇔ Antarctic 南極の）,main
886,886,ultimate,究極の,main
887,887,deaf,耳が聞こえない（≒ hard of hearing）,main
888,888,genuine,本物の（≒ authentic ⇒ 1580, real）；偽りのない,main
889,889,manual,体［手］を使う；手の；手動式,main
890,890,mechanical,機械の；機械的な,main
891,891,instant,即時の，すぐの；即席の,main
892,892,spare,余分の，予備の,main
893,893,immune,（～に対して）免疫を持つ（to）；（～を）免れた（from）,main
894,894,harsh,厳しい；（光・色・味などが）不快な,main
895,895,collective,集団の，共同の,main
896,896,inevitable,避けられない,main
897,897,profound,重大な；深い；難解な,main
898,898,steady,着実な，一定の；安定した,main
899,899,mature,成熟した（⇔ immature 未熟な）；熟した,main
900,900,likewise,同様に（≒ in the same way）,main
901,901,chase,（を）追跡する；（を）追求する,main
902,902,sue,を告訴する；（～を求めて）訴訟を起こす（for）,main
903,903,gaze,じっと見る,main
904,904,slip,滑る；滑り落ちる；そっと動く,main
905,905,load,に積む；に負わせる,main
906,906,overwhelm,を圧倒する；を（精神的に）打ちのめす,main
907,907,wander,歩き回る；それる；はぐれる,main
908,908,float,漂う，浮かぶ；を浮かべる,main
909,909,pour,を注ぐ；激しく降る；押し寄せる,main
910,910,substitute,を代わりに使う；（～の）代理をする（for）,main
911,911,pronounce,を発音する；を宣言する,main
912,912,shrink,縮む，縮小する；減少する；ひるむ,main
913,913,restore,を回復させる；を修復する,main
914,914,trigger,を引き起こす；のきっかけとなる,main
915,915,grab,をつかむ；を横取りする；を急いで食べる,main
916,916,retain,を保持する；を覚えている,main
917,917,reproduce,を複製する；を繁殖させる；繁殖する,main
918,918,bob,上下に動く；急に動く；を上下に動かす,main
919,919,entertain,を楽しませる；をもてなす,main
920,920,interfere,干渉する，介入する；邪魔する,main
921,921,cultivate,を養う；を耕す；を栽培する,main
922,922,underlie,の根底にある,main
923,923,anticipate,を予期する；楽しみに待つ,main
924,924,justify,を正当化する,main
925,925,regulate,を規制する；を調整する,main
926,926,scan,を走査［スキャン］する；をざっと見る；を注意深く調べる,main
927,927,classify,を分類する；を機密扱いにする,main
928,928,submit,を提出する；〔submit oneselfで〕（～に）従う（to）,main
929,929,pause,（一時的に）中止する；（一瞬）立ち止まる,main
930,930,lean,傾く；寄りかかる；をもたせかける,main
931,931,bump,ぶつかる；をぶつける,main
932,932,fold,を折り畳む；（両腕）を組む；（折り）畳める,main
933,933,hesitate,躊躇する，ためらう,main
934,934,pump,（液体・気体）をポンプで送り込む；をくみ出す；を注ぎ込む,main
935,935,mount,を据えつける；に着手する；（自転車など）に乗る；増える,main
936,936,exceed,を超える；に勝る,main
937,937,undergo,を経験する；（手術など）を受ける；に耐える,main
938,938,confront,に立ち向かう；（困難などが）に立ちはだかる,main
939,939,consult,（に）相談する；を参照する,main
940,940,fulfill,を実現させる；を果たす；を満たす,main
941,941,privilege,特権，特典,main
942,942,formation,形成；構成（物）；隊列,main
943,943,dimension,側面，局面；次元；寸法,main
944,944,neuron,ニューロン，神経単位,main
945,945,sensation,感覚；大評判,main
946,946,chart,図，グラフ；海図；ヒットチャート,main
947,947,geography,〔the ～〕地理；地理学,main
948,948,panel,（専門家の）一団；討論者一同；羽目板,main
949,949,semester,【主に米】 （2学期制の）学期,main
950,950,workforce,労働人口，総労働力；全従業員（数）,main
951,951,mill,製造工場；製粉所；粉ひき機,main
952,952,abuse,乱用；虐待,main
953,953,vice,（道徳上の）悪（⇔ virtue ⇒ 1078）；欠点,main
954,954,fate,運命；結末；最期,main
955,955,tragedy,悲劇（的な事態）（⇔ comedy 喜劇）,main
956,956,scenario,（予想される）筋書き，事態；脚本,main
957,957,allergy,アレルギー,main
958,958,wound,（銃弾・刃物などによる）傷；痛手,main
959,959,antibiotic,〔通例～s〕抗生物質,main
960,960,vaccine,ワクチン,main
961,961,metaphor,隠喩；比喩,main
962,962,folk,人々；〔～s〕皆さん；〔one's ～s〕家族,main
963,963,fare,（乗り物の）料金,main
964,964,transition,移り変わり；過渡期,main
965,965,maximum,最大限（⇔ minimum ⇒ 653）,main
966,966,galaxy,星雲，銀河；〔the G～〕銀河系,main
967,967,mineral,鉱物；ミネラル,main
968,968,skeleton,骨格；骨組み；概略,main
969,969,counterpart,相当する物［人］,main
970,970,stroke,脳卒中；（ボールを）打つこと；（雷などの）一撃,main
971,971,pedestrian,歩行者,main
972,972,trail,（野山などの）小道；跡；手がかり,main
973,973,ecology,生態学；生態系；環境保護,main
974,974,sibling,きょうだい（の1人）,main
975,975,ratio,比率,main
976,976,mixture,混合（物）,main
977,977,charm,魅力；お守り,main
978,978,ambition,（～に対する）願望，野望（for）；野心,main
979,979,prominent,卓越した；目立つ,main
980,980,radical,急進的な；根本的な,main
981,981,prompt,即座の，迅速な,main
982,982,informal,形式ばらない，略式の（⇔ formal 正式の）；（言葉が）くだけた,main
983,983,mutual,相互の；共通の,main
984,984,neutral,中立の；（特徴・表情などが）はっきりしない,main
985,985,alert,警戒して；敏速な,main
986,986,magnetic,磁気の；磁石の；人を引きつける,main
987,987,polar,極地の；電極の,main
988,988,fluent,流ちょうな,main
989,989,external,外部の（⇔ internal ⇒ 680）；対外的な,main
990,990,passive,受動的な；消極的な,main
991,991,awful,ひどい；嫌な；ものすごい,main
992,992,unrelated,無関係の；血縁関係がない,main
993,993,cruel,残酷な；むごい,main
994,994,fake,偽の；見せかけだけの,main
995,995,vulnerable,（攻撃などに）弱い，もろい；傷つきやすい,main
996,996,urgent,緊急の,main
997,997,spiritual,精神の（⇔ material ⇒ 73）；霊的な,main
998,998,modest,謙虚な（≒ humble）；適度な；質素な,main
999,999,keen,熱心な；鋭敏な；（感情・関心などが）強い,main
1000,1000,nonetheless,それにもかかわらず，それでもなお（≒ nevertheless）,main
1001,1001,negotiate,交渉する；を（交渉して）取り決める,main
1002,1002,grasp,を把握［理解］する；をしっかり握る,main
1003,1003,donate,を寄付する；（臓器・血液）を提供する,main
1004,1004,arrest,を逮捕する；を止める；（注意）を引く,main
1005,1005,crack,ひびが入る；にひびを入れる,main
1006,1006,tap,を軽くたたく；（液体）を出す；を盗聴する,main
1007,1007,split,を分割する；を分担する；分裂する,main
1008,1008,forecast,を予想［予測］する,main
1009,1009,exclude,を除外する（⇔include を含む）,main
1010,1010,overlook,を見落とす；を大目に見る；を見渡す,main
1011,1011,burst,破裂する；（～を）突然始める（into）,main
1012,1012,heal,（人・傷など）を治す；治る,main
1013,1013,forbid,を禁じる（⇔permit 許可する）,main
1014,1014,install,をインストールする；を設置する；を就任させる,main
1015,1015,diminish,を減らす；減少する（≒decrease）,main
1016,1016,cite,を引き合いに出す；を引用する,main
1017,1017,quote,を引用する；を引き合いに出す,main
1018,1018,dispute,に異議を唱える；（を）議論する,main
1019,1019,highlight,を目立たせる、強調する,main
1020,1020,distract,（注意など）をそらす,main
1021,1021,cheat,をだます；不正をする,main
1022,1022,foster,をはぐくむ；を養育する；を心に抱く,main
1023,1023,obey,に従う；に服従する,main
1024,1024,bend,を曲げる；を屈服させる；曲がる,main
1025,1025,deprive,から（権利などを）奪う,main
1026,1026,govern,（を）統治する、支配する,main
1027,1027,log,〔log onで〕ログオンする；を記録する,main
1028,1028,transmit,を伝える；（電波・信号など）を送る,main
1029,1029,bully,をいじめる；を脅す,main
1030,1030,leap,跳ぶ；さっと動く；急上昇する,main
1031,1031,astonish,を驚かす,main
1032,1032,thrill,をぞくぞくさせる；わくわくする,main
1033,1033,nod,うなずく；会釈する；うとうとする,main
1034,1034,bow,おじぎする；屈服する,main
1035,1035,blend,を混ぜる；を調和させる；（～に）溶け込む（into）,main
1036,1036,complicate,を複雑にする,main
1037,1037,pitch,を投げる；倒れる；縦揺れする,main
1038,1038,persist,続く；固執する,main
1039,1039,dedicate,をささげる；を献呈する,main
1040,1040,equip,に備えつける,main
1041,1041,premise,前提；〔～s〕（建物を含めた）構内、敷地,main
1042,1042,input,入力（情報）、投入；（情報・時間などの）提供,main
1043,1043,merit,利点（⇔demerit 欠点）；功績；真価,main
1044,1044,sympathy,同情；（～に対する）共感（with/for）,main
1045,1045,compliment,賛辞；表敬,main
1046,1046,infrastructure,インフラ、基本的施設；（経済）基盤,main
1047,1047,ray,光線；ひらめき、一筋の光明,main
1048,1048,distress,苦悩；苦痛；困窮,main
1049,1049,joint,関節；接合（部）,main
1050,1050,expedition,遠征（隊）、探検（隊）,main
1051,1051,adolescent,青年；青年期の,main
1052,1052,shade,（日）陰；色合い；日よけ；微妙な相違,main
1053,1053,jury,陪審（員団）；審査員団,main
1054,1054,ethic,倫理、道徳；〔～s〕倫理［道徳］規範,main
1055,1055,penalty,（刑）罰；罰金；ペナルティー,main
1056,1056,faculty,能力、機能；学部；教授陣,main
1057,1057,scheme,計画（≒plan）；体系；陰謀,main
1058,1058,nutrition,栄養（の摂取）,main
1059,1059,particle,（微）粒子；ほんのわずか,main
1060,1060,molecule,分子；微粒子,main
1061,1061,nationality,国籍；国民；国民性,main
1062,1062,poll,世論調査；投票（数）,main
1063,1063,clinic,診療所、クリニック；（病院内の）～科,main
1064,1064,dementia,認知症,main
1065,1065,fatigue,疲労（≒exhaustion）,main
1066,1066,dilemma,ジレンマ、板ばさみ,main
1067,1067,queue,【英】（順番を待つ）列,main
1068,1068,curve,（道路などの）カーブ；曲線,main
1069,1069,narrative,物語、話；（小説の）叙述部分、地の文,main
1070,1070,fingerprint,指紋,main
1071,1071,file,ファイル；（書類の）とじ込み,main
1072,1072,wilderness,荒野；（庭・町などの）放置された部分,main
1073,1073,pesticide,殺虫剤；除草剤（≒herbicide）,main
1074,1074,panic,パニック（状態）；狼狽,main
1075,1075,fabric,織物、布（地）；構造,main
1076,1076,fantasy,空想；幻想；幻想的作品,main
1077,1077,fancy,（気まぐれな）好み；空想；思いつき,main
1078,1078,virtue,美徳（⇔vice 悪）；長所；効能,main
1079,1079,grateful,感謝している,main
1080,1080,valid,妥当な；有効な,main
1081,1081,elaborate,入念な；凝った,main
1082,1082,moderate,適度な；穏健な,main
1083,1083,dynamic,活動的な、精力的な；動的な（⇔static 静的な）,main
1084,1084,brave,勇敢な（⇔cowardly 臆病な）；見事な,main
1085,1085,brilliant,すばらしい；才能にあふれた；きらめく,main
1086,1086,tremendous,途方もない、莫大な；すばらしい,main
1087,1087,oral,口頭の,main
1088,1088,innocent,無罪の（⇔guilty 有罪の）；無邪気な；無知の,main
1089,1089,subsequent,その後の,main
1090,1090,shallow,浅い（⇔deep 深い）；浅薄な,main
1091,1091,indifferent,無関心な（≒uninterested）,main
1092,1092,inferior,より劣った（⇔superior よりすぐれた）,main
1093,1093,awkward,気まずい；ぎこちない；厄介な,main
1094,1094,obese,肥満した,main
1095,1095,pregnant,妊娠した；（～で）満ちている（with）,main
1096,1096,intimate,親密な；密接な,main
1097,1097,medieval,中世の；時代遅れの,main
1098,1098,sacred,神聖な（≒holy）；宗教的な；厳粛な,main
1099,1099,simultaneously,（～と）同時に（with）；一斉に,main
1100,1100,versus,〔A ～ Bで〕A対B；AかBか,main
1101,1101,proceed,進む，進行する；（～を）続行する（with）,main
1102,1102,orient,（人）を（環境などに）慣らす（to）；〔受身形で〕（関心などが）（～に）向いている（to / toward）,main
1103,1103,surf,（インターネット上の情報など）を見て回る；サーフィンをする,main
1104,1104,filter,をろ過する；を取り除く,main
1105,1105,bind,を縛る；を束縛する；を結び付ける,main
1106,1106,resort,（好ましくない手段に）訴える，頼る（to）,main
1107,1107,reinforce,を強化する；を補強する,main
1108,1108,accumulate,を蓄積する，集める；積もる,main
1109,1109,bet,と確信する，断言する；（金などを）かける,main
1110,1110,advocate,を主張する；を擁護する,main
1111,1111,constitute,を構成する；になる，に等しい,main
1112,1112,undertake,を引き受ける；を保証する；に着手する,main
1113,1113,grip,を握る；をとらえる,main
1114,1114,dismiss,（意見など）を退ける；を解雇する,main
1115,1115,fade,薄れる；衰える,main
1116,1116,conceal,を隠す（≒ hide）；を秘密にする（⇔uncover ⇒ 1236）,main
1117,1117,chew,（を）かむ；をかみ砕く,main
1118,1118,swallow,（を）飲み込む；をうのみにする；に耐える,main
1119,1119,seal,を密閉する；に封をする,main
1120,1120,migrate,移住する；（鳥などが）渡る,main
1121,1121,exaggerate,（を）誇張する；を強調する,main
1122,1122,accuse,を非難する；を告訴する,main
1123,1123,vanish,消える（≒ disappear）,main
1124,1124,polish,を磨く；を洗練させる,main
1125,1125,wipe,を拭く；を拭き取る；を消し去る,main
1126,1126,sweep,（を）掃く；を一掃する；さっと通過する,main
1127,1127,mislead,を誤解させる，欺く；（人）を間違った方向に導く,main
1128,1128,spoil,を台無しにする；を甘やかす；だめになる,main
1129,1129,compound,を悪化させる；を合成する；を混合する,main
1130,1130,explode,爆発する；急増する；を論破する,main
1131,1131,disgust,をむかつかせる；に愛想を尽かせる,main
1132,1132,commute,通勤［通学］する,main
1133,1133,decorate,を装飾する,main
1134,1134,postpone,を延期する（≒ put off）,main
1135,1135,cease,をやめる；終わる,main
1136,1136,compromise,妥協する；を危うくする,main
1137,1137,elect,を選出する,main
1138,1138,extract,を取り［搾り］出す；を抜粋する,main
1139,1139,inherit,を受け継ぐ；を相続する,main
1140,1140,rear,（人・動物・植物）を育てる（≒ raise）,main
1141,1141,empathy,感情移入，共感,main
1142,1142,cue,合図；手がかり；（次の演技の）キュー,main
1143,1143,enterprise,企業，事業；企画；進取の気性,main
1144,1144,output,生産（高）；出力；排出（量）,main
1145,1145,congress,（米国などの）議会；会議,main
1146,1146,millennium,千年間，千年紀,main
1147,1147,mankind,人類,main
1148,1148,Muslim,イスラム教徒,main
1149,1149,estate,（動産・不動産などの）財産；私有地,main
1150,1150,landmine,地雷,main
1151,1151,caution,用心；警告,main
1152,1152,controversy,論争,main
1153,1153,consensus,総意；（意見の）一致,main
1154,1154,retail,小売り（⇔ wholesale 卸売り）,main
1155,1155,fiber,繊維（質）；本質；精神力,main
1156,1156,scent,（よい）香り；香水,main
1157,1157,beverage,（水以外の）飲み物，飲料,main
1158,1158,supplement,栄養補助剤，サプリメント；補足,main
1159,1159,diabetes,糖尿病,main
1160,1160,province,州，省；〔the ～s〕地方；分野,main
1161,1161,reef,（岩や砂の）礁；暗礁,main
1162,1162,microbe,微生物；細菌,main
1163,1163,excess,過剰，超過,main
1164,1164,gallery,美術館，画廊；観客，ギャラリー；回廊,main
1165,1165,fame,名声,main
1166,1166,deadline,締め切り,main
1167,1167,undergraduate,学部学生,main
1168,1168,slavery,奴隷制度；苦役,main
1169,1169,prey,獲物；犠牲者,main
1170,1170,mess,散らかった状態［物］；混乱状態,main
1171,1171,recession,不況；後退,main
1172,1172,retreat,後退，退却；（計画・決定などの）撤回,main
1173,1173,grave,墓；〔通例the ～〕死,main
1174,1174,column,コラム；（新聞などの）欄；円柱；（縦）列,main
1175,1175,scenery,〔集合的に〕景色；背景,main
1176,1176,plot,（小説などの）筋；陰謀,main
1177,1177,sculpture,彫刻（作品）,main
1178,1178,tablet,タブレット（型情報端末）；錠剤；平板,main
1179,1179,dense,密集した，密度の高い；（霧などが）濃い,main
1180,1180,exotic,外来の；異国風の,main
1181,1181,acid,酸性の；酸っぱい；辛辣な,main
1182,1182,bitter,苦い，つらい；辛辣な；怒りっぽい,main
1183,1183,sensible,賢明な；実用的な；顕著な,main
1184,1184,noble,高貴な；堂々とした；高潔な,main
1185,1185,vague,漠然とした，あいまいな；おぼろげな,main
1186,1186,parallel,（～と）平行［並行］の（to）；類似した,main
1187,1187,tense,張り詰めた，緊張した,main
1188,1188,vertical,垂直の（⇔ horizontal 水平な）；縦方向の,main
1189,1189,indigenous,原産の，先住の；（その土地に）固有の,main
1190,1190,aboriginal,〔通例A～〕アボリジニの；原生の，先住の,main
1191,1191,seasonal,季節の，季節的な,main
1192,1192,abundant,豊富な；（～に）富む（in）,main
1193,1193,hybrid,ハイブリッドの；雑種の；混成の,main
1194,1194,irrelevant,（～にとって）無関係の（to）；見当違いの,main
1195,1195,ridiculous,ばかげた；法外な,main
1196,1196,fairy,妖精の（ような）,main
1197,1197,sensory,感覚の,main
1198,1198,chronic,慢性の（⇔ acute ⇒ 1486）；長引く；常習の,main
1199,1199,voluntary,自発的な（⇔ compulsory ⇒ 1384）；無償の,main
1200,1200,inclined,傾向がある；傾いた,main
1201,1201,infer,を推論する，推測する,main
1202,1202,esteem,を尊敬する；を見なす,main
1203,1203,tackle,に取り組む；と（～のことで）話をつける（about / on）,main
1204,1204,venture,危険を冒して進む；を思い切ってする,main
1205,1205,accelerate,を加速させる，促進する；加速する,main
1206,1206,accustom,（人）を慣れさせる,main
1207,1207,amuse,をおもしろがらせる，楽しませる,main
1208,1208,flourish,繁栄する；繁茂する；を振りかざす,main
1209,1209,thrive,繁栄する，うまくいく；繁茂する,main
1210,1210,nurture,をはぐくむ；を養成する,main
1211,1211,click,（を）クリックする；をカチッと鳴らす；カチッと音がする,main
1212,1212,spin,回転する；を回転させる；（糸）を紡ぐ,main
1213,1213,clip,を切り抜く；を（はさみで）切り取る；をクリップで留める,main
1214,1214,drag,を引きずる；ぐずぐずする,main
1215,1215,cast,を投じる；に役を当てる,main
1216,1216,scatter,をまき散らす；分散する,main
1217,1217,tempt,を（...する）気にさせる（to do）；を引きつける,main
1218,1218,withdraw,を引き出す；を撤回する；撤退する,main
1219,1219,yawn,あくびをする,main
1220,1220,blink,まばたきする；点滅する；（目）をまたたく,main
1221,1221,dye,を染める；染まる,main
1222,1222,spill,をこぼす；こぼれる,main
1223,1223,irritate,をいらいらさせる；をひりひりさせる,main
1224,1224,insult,を侮辱する（≒ affront）,main
1225,1225,enforce,を施行［実施］する；を（～に）強制する（on / upon）,main
1226,1226,rob,から（金品を）奪う,main
1227,1227,drain,（液体）を流出させる；（液体が）流れ出る,main
1228,1228,suspend,を停職［停学，出場停止］にする；を一時的に中断する,main
1229,1229,drift,漂う；さまよう；を押し流す,main
1230,1230,forgive,を許す；を免除する,main
1231,1231,revise,を修正する；を改訂する,main
1232,1232,recruit,を募る；に新人を補充する,main
1233,1233,twist,をねじる，ひねる；を歪曲する,main
1234,1234,crush,を押しつぶす；を弾圧する；を絞り出す,main
1235,1235,pin,をピンで留める；を突き刺す,main
1236,1236,uncover,を暴く（⇔ conceal ⇒ 1116）；を 発掘する,main
1237,1237,exploit,を活用する；を搾取する，につけ込む,main
1238,1238,implement,を実行［実施］する,main
1239,1239,integrate,を統合する；融合する,main
1240,1240,incorporate,を取り入れる；を法人にする；合併する,main
1241,1241,profile,人物の紹介；横顔；輪郭,main
1242,1242,appetite,食欲；欲求,main
1243,1243,impulse,衝動；刺激,main
1244,1244,script,台本；筆跡,main
1245,1245,anniversary,（～周年）記念日,main
1246,1246,pension,年金,main
1247,1247,temper,気質，気性；機嫌；かんしゃく,main
1248,1248,cortex,皮質；樹皮,main
1249,1249,syndrome,症候群；～現象,main
1250,1250,chamber,（特定の目的の）部屋；議場；〔the ～〕議院,main
1251,1251,utility,公共事業；公共料金；実用性,main
1252,1252,cattle,〔集合的に〕牛,main
1253,1253,herd,（牛などの）群れ；群衆,main
1254,1254,fluid,流動体，液体,main
1255,1255,pity,残念なこと；哀れみ,main
1256,1256,priest,聖職者,main
1257,1257,acquaintance,知人；面識；知識,main
1258,1258,offspring,子孫，子；成果,main
1259,1259,famine,飢饉；（食糧・物資の）ひどい不足,main
1260,1260,deforestation,森林伐採,main
1261,1261,jail,刑務所，拘置所（≒ prison）,main
1262,1262,commodity,商品；有用なもの,main
1263,1263,format,書式，形式；（本などの）型,main
1264,1264,recipient,受け取る人；（臓器などの）被提供者,main
1265,1265,drill,訓練；（反復）練習；ドリル，錐,main
1266,1266,inability,無能，無力,main
1267,1267,republic,共和国；共和制,main
1268,1268,combat,戦闘；対立,main
1269,1269,debris,（破壊された後の）残骸，瓦礫；がらくた,main
1270,1270,bug,病原菌（が起こす病気）；虫；盗聴器；（機械・プログラムの）欠陥,main
1271,1271,fraction,わずか（≒ bit），一部；分数,main
1272,1272,index,指標；索引；指数,main
1273,1273,intuition,直観（力），直感,main
1274,1274,motive,動機,main
1275,1275,consent,同意，承諾,main
1276,1276,hierarchy,（社会の）階層制；〔the ～〕支配層,main
1277,1277,monument,記念碑，遺跡；金字塔,main
1278,1278,asset,〔通例～s〕資産；価値のあるもの；利点,main
1279,1279,decent,まずまずの；きちんとした；上品な,main
1280,1280,competent,有能な；適任の；満足できる,main
1281,1281,straightforward,単純な；率直な,main
1282,1282,cosmetic,化粧の，美容の；うわべの,main
1283,1283,delicate,繊細な；扱いにくい；もろい,main
1284,1284,interior,室内の；内部の（⇔ exterior 外部の）,main
1285,1285,transparent,透明な；明快な,main
1286,1286,aesthetic,美的な；美学の,main
1287,1287,deliberate,故意の；慎重な,main
1288,1288,demographic,人口統計学の,main
1289,1289,prehistoric,有史以前の；旧式な,main
1290,1290,innate,生まれながらの；固有の,main
1291,1291,mild,穏やかな；（程度が）軽い,main
1292,1292,toxic,有毒な；中毒性の,main
1293,1293,ashamed,恥じて,main
1294,1294,humble,謙虚な；質素な；身分が低い,main
1295,1295,peculiar,特有の；特異な,main
1296,1296,steep,（傾斜が）急な；急激な；法外な,main
1297,1297,trivial,ささいな，取るに足りない,main
1298,1298,magnificent,壮大な；見事な,main
1299,1299,wireless,無線（電信）の，ラジオの,main
1300,1300,ongoing,継続している，進行中の,main
1301,1301,assure,に自信を持って言う；を保証する,main
1302,1302,precede,に先行する；に優先する,main
1303,1303,revive,を復活させる；復活する,main
1304,1304,compel,に強いる,main
1305,1305,blossom,花が咲く（≒ bloom）；発展する,main
1306,1306,terrify,を怖がらせる；を脅かす,main
1307,1307,violate,（法律・規則など）に違反する；を侵害する,main
1308,1308,suppress,を抑える；を抑圧する,main
1309,1309,deceive,をだます（≒ take in）,main
1310,1310,manipulate,を（巧みに）操る；を改ざんする,main
1311,1311,starve,飢える；（～を）渇望する（for）；を飢えさせる,main
1312,1312,flee,（から）逃げる,main
1313,1313,whisper,（を）ささやく,main
1314,1314,yell,叫ぶ，どなる,main
1315,1315,deposit,を置く；を預ける；を堆積させる,main
1316,1316,confine,を限定する；〔通例受身形で〕閉じ込められる,main
1317,1317,swing,を揺らす，振る；揺れる；（行動に）さっと移る,main
1318,1318,prolong,を長引かせる,main
1319,1319,depict,を描く,main
1320,1320,outline,の要点を述べる；の輪郭を描く,main
1321,1321,shed,を捨て去る；（光など）を放つ；（涙・血）を流す,main
1322,1322,emit,（光・熱など）を出す，排出する；（信号）を送る,main
1323,1323,renew,を更新する；（資源）を再生する,main
1324,1324,utilize,を利用する（≒ make use of）,main
1325,1325,assert,を主張する,main
1326,1326,strain,に負担をかける；を緊張させる；を漉す,main
1327,1327,strive,努力する；争う,main
1328,1328,dare,あえて［思い切って］...する,main
1329,1329,boast,を誇る；（を）自慢する,main
1330,1330,startle,をびっくりさせる（≒ surprise）,main
1331,1331,offend,の気分を害する；（に）違反する,main
1332,1332,compute,（を）計算する；コンピューターを使う,main
1333,1333,assemble,を集める；を組み立てる；集まる,main
1334,1334,worsen,を悪化させる；悪化する（≒ deteriorate）,main
1335,1335,flip,を（ぱっと）裏返す；を軽くはじく,main
1336,1336,rub,（を）こする；（～に）を塗る（on / over）,main
1337,1337,descend,（を）降りる（⇔ ascend ⇒ 1839）；受け継がれる,main
1338,1338,compensate,補償する（≒ make up）；に償う,main
1339,1339,comprise,から成る；を構成する,main
1340,1340,prevail,普及している；支配的である；（～に）打ち勝つ（over）,main
1341,1341,quest,探究,main
1342,1342,dignity,尊厳；威厳,main
1343,1343,criterion,（判断・評価の）基準,main
1344,1344,paradox,逆説；矛盾,main
1345,1345,parliament,（英国などの）議会；国会議員（団）,main
1346,1346,legislation,法律；立法,main
1347,1347,agenda,協議事項（リスト）；議事日程（表）；（政治上の）課題,main
1348,1348,mainstream,（活動・思潮などの）主流；大勢,main
1349,1349,troop,〔～s〕軍隊；集団,main
1350,1350,epidemic,流行（病）；蔓延,main
1351,1351,outbreak,発生，勃発,main
1352,1352,chaos,混沌，大混乱,main
1353,1353,nightmare,悪夢（のような状況）；不安感,main
1354,1354,horror,恐怖；強い嫌悪；嫌な物［人］,main
1355,1355,cluster,集団；（植物の）房，束,main
1356,1356,pollen,花粉,main
1357,1357,hive,ミツバチの巣（箱）；人の集まる所,main
1358,1358,irrigation,灌漑,main
1359,1359,dose,（薬の1回分の）服用量；放射線の1回の照射量,main
1360,1360,suicide,自殺；自殺的行為,main
1361,1361,feast,祝宴；大ごちそう；楽しみ,main
1362,1362,cuisine,（独特の）料理，料理法,main
1363,1363,rumor,うわさ,main
1364,1364,proverb,ことわざ（≒ saying）,main
1365,1365,signature,署名；特徴,main
1366,1366,formula,方法，解決策；公式,main
1367,1367,tuition,【主に米】 授業料（＝ 【英】tuition fees）；（個人）指導,main
1368,1368,intake,摂取量；受け入れ数；取り入れること,main
1369,1369,spectrum,スペクトル；（波動・変動の）範囲,main
1370,1370,kidney,腎臓,main
1371,1371,gear,用具（一式），器具；歯車；ギア,main
1372,1372,aisle,（座席間などの）通路,main
1373,1373,grief,深い悲しみ,main
1374,1374,destiny,運命,main
1375,1375,skull,頭骨，頭蓋骨；頭脳,main
1376,1376,tomb,墓,main
1377,1377,monk,修道士，僧（⇔ nun 修道女，尼）,main
1378,1378,worship,崇拝，礼拝（式）；賛美,main
1379,1379,outstanding,際立った；未払いの；未解決の,main
1380,1380,unprecedented,前例のない；空前の,main
1381,1381,infinite,無限の（⇔ finite 有限の）；無数の,main
1382,1382,worthwhile,価値がある；立派な,main
1383,1383,indispensable,不可欠な（⇔ dispensable なくてもすむ）,main
1384,1384,compulsory,義務的な，強制的な（⇔ voluntary ⇒ 1199）,main
1385,1385,probable,十分にありそうな,main
1386,1386,ambiguous,あいまいな；多義的な,main
1387,1387,obscure,（世に）知られていない；不明瞭な,main
1388,1388,skeptical,（～に）懐疑的な（of ⇒ about）,main
1389,1389,fragile,壊れやすい；虚弱な,main
1390,1390,static,静的な（⇔ dynamic ⇒ 1083）；動きのない,main
1391,1391,gradual,徐々の，緩やかな,main
1392,1392,vocal,声の，発声の；はっきりものを言う,main
1393,1393,vivid,鮮やかな；生き生きとした,main
1394,1394,imperial,帝国の；皇帝の,main
1395,1395,hostile,敵意のある（⇔friendly 友好的な）,main
1396,1396,superficial,表面的な,main
1397,1397,scarce,乏しい；珍しい,main
1398,1398,gross,総計の；甚だしい；粗野な,main
1399,1399,inherent,生来の，本来的に備わっている,main
1400,1400,notable,注目に値する；著名な,main
1401,1401,update,を最新のものにする；をアップデートする,main
1402,1402,refresh,（気分）をさわやかにする；（記憶など）を新たにする；を最新のものにする,main
1403,1403,bloom,花が咲く；栄える,main
1404,1404,conquer,を征服する；を克服する,main
1405,1405,induce,を引き起こす；を説得する,main
1406,1406,attain,を獲得する，達成する；に達する,main
1407,1407,spray,を吹きかける，に吹きつける,main
1408,1408,retrieve,（情報）を検索する；を取り戻す；を回復する,main
1409,1409,portray,を描く；（の役）を演じる,main
1410,1410,scratch,を引っかく；を取り消す，削除する,main
1411,1411,designate,を指定する；を任命する,main
1412,1412,contradict,と矛盾する；に反対意見を言う,main
1413,1413,sigh,ため息をつく,main
1414,1414,disrupt,を混乱させる；を分裂させる,main
1415,1415,depart,出発する；（～から）それる（from）,main
1416,1416,navigate,（を）誘導する；（を）操縦する；（を）航行する,main
1417,1417,beg,に（～を）切に頼む（for）；（を）懇願する,main
1418,1418,inhabit,に住んでいる；に宿る，存する,main
1419,1419,diagnose,（を）診断する,main
1420,1420,comprehend,を理解する,main
1421,1421,oblige,に義務づける；に恩恵を施す,main
1422,1422,cram,に詰め込む；詰め込み勉強をする,main
1423,1423,flock,群がる，集まる,main
1424,1424,underestimate,（を）過小評価する（⇔ overestimate （を）過大評価する）；（を）軽く見る；を少なく見積もる,main
1425,1425,clarify,を明確にする,main
1426,1426,spark,を引き起こす；を刺激する；スパークする,main
1427,1427,seize,をつかむ；を奪い取る；を没収する,main
1428,1428,soar,急上昇する；空高く飛ぶ,main
1429,1429,glow,光り［照り］輝く；赤く燃える；紅潮する,main
1430,1430,disguise,を（～に）変装させる（as）；を偽る,main
1431,1431,distort,を歪める；歪む,main
1432,1432,undermine,を徐々にむしばむ；を侵食する,main
1433,1433,abolish,を廃止する（≒ do away with）,main
1434,1434,strip,を［から］取り去る；を裸にする,main
1435,1435,dispose,〔dispose ofで〕を処分する；を（...する）気にさせる（to do）；を配置する,main
1436,1436,dump,を投棄する；をどさっと落とす,main
1437,1437,weave,を織る；（計画・物語など）を作り上げる,main
1438,1438,refine,を洗練する；を精製する,main
1439,1439,enrich,を豊かにする；（物質）を濃縮化する,main
1440,1440,coordinate,を調整する；を組織する；（服など）をコーディネートする,main
1441,1441,headline,（新聞などの）見出し,main
1442,1442,internship,【米】 実務［医学］研修；研修期間,main
1443,1443,outlet,直売店，特売店；はけ口；【米】（電気の）コンセント（≒ 【英】socket）,main
1444,1444,remedy,治療（法）；治療薬；解決法,main
1445,1445,pill,錠剤，丸薬；〔the ～〕ピル，経口避妊薬,main
1446,1446,reception,反応；宴会；受付；受信（状態）,main
1447,1447,transaction,（商）取引；（人と人との）交流,main
1448,1448,mutation,突然変異（体）；変化,main
1449,1449,dairy,〔集合的に〕乳製品；乳製品加工所［販売者］,main
1450,1450,compassion,同情,main
1451,1451,posture,姿勢；心構え,main
1452,1452,curse,悪態，ののしりの言葉；呪い；〔通例a ～〕災い,main
1453,1453,funeral,葬式,main
1454,1454,census,国勢調査；交通調査,main
1455,1455,encyclopedia,百科事典,main
1456,1456,cereal,〔通例～s〕穀物；シリアル（穀物加工食品）,main
1457,1457,fragment,断片,main
1458,1458,patch,（～の）部分，斑点；継ぎ；貼り薬,main
1459,1459,rubbish,【英】 ごみ（≒ 【米】garbage）；つまらないもの,main
1460,1460,maze,迷路（≒ labyrinth）；複雑に込み入ったもの,main
1461,1461,outlook,見解；見通し；眺め,main
1462,1462,breakthrough,大発見，飛躍的進歩,main
1463,1463,triumph,勝利；勝利の喜び；偉業,main
1464,1464,ally,同盟国；提携者；援助者；盟友,main
1465,1465,spectator,（試合などの）観客,main
1466,1466,sphere,領域；球体；天体,main
1467,1467,county,【米】 郡；【英】州,main
1468,1468,behalf,利益，味方,main
1469,1469,interval,（時間の）間隔；合間；隔たり；小休止,main
1470,1470,circulation,循環；流通；（新聞・雑誌の）発行部数,main
1471,1471,blade,刃；（プロペラなどの）羽根；（草などの）葉,main
1472,1472,theft,窃盗（罪）,main
1473,1473,vacuum,真空；空虚,main
1474,1474,collision,衝突；対立,main
1475,1475,bargain,買い得品；取引；契約,main
1476,1476,landmark,（ある場所の）目印；画期的な出来事,main
1477,1477,revenue,歳入（⇔ expenditure 歳出）；収益,main
1478,1478,treaty,（国家間の）条約；協定,main
1479,1479,supreme,最高の,main
1480,1480,thorough,徹底的な；まったくの,main
1481,1481,naked,裸の,main
1482,1482,sincere,心からの；誠実な,main
1483,1483,tame,飼いならされた，人に慣れた；退屈な,main
1484,1484,insufficient,不十分な；不適当な,main
1485,1485,dim,薄暗い；ぼんやりした,main
1486,1486,acute,（痛み・感情などが）激しい；（知覚などが）鋭い；急性の（⇔ chronic ⇒ 1198）,main
1487,1487,disabled,障害のある；障害者用の,main
1488,1488,metropolitan,大都市の，首都圏の,main
1489,1489,monetary,金銭的な；金融の,main
1490,1490,alternate,代わりの（≒ alternative）；交互の,main
1491,1491,partial,部分的な；不公平な（⇔impartial 公平な）,main
1492,1492,divine,神の；神にささげる,main
1493,1493,drastic,徹底的な，抜本的な；極端な,main
1494,1494,fierce,猛烈な；どう猛な,main
1495,1495,sole,唯一の；単独の；独占的な,main
1496,1496,spontaneous,自然発生的な；自発的な,main
1497,1497,spatial,空間の,main
1498,1498,neat,きちんとした；見事な,main
1499,1499,tidy,きちんとした，整頓された；相当の,main
1500,1500,loyal,（～に）忠実な（to）；誠実な,main
1501,1501,bless,に恩恵を与える；に感謝する,main
1502,1502,regain,を取り戻す,main
1503,1503,conform,順応する；一致する,main
1504,1504,enroll,登録する，入会する；を登録させる,main
1505,1505,entitle,に権利を与える；に題名をつける,main
1506,1506,halt,を止める；止まる,main
1507,1507,provoke,（感情・行動など）を引き起こす；を挑発する,main
1508,1508,invade,を侵略する；を侵害する；（場所）に殺到する,main
1509,1509,squeeze,押し入る；を押し込む；（を）搾る；（を）強く押す,main
1510,1510,crawl,はう；ゆっくり進む,main
1511,1511,digest,を消化する；を理解する；を要約する,main
1512,1512,utter,（声）を発する；（考えなど）を述べる,main
1513,1513,refrain,控える,main
1514,1514,populate,に住む，の住民である；に人を住まわせる,main
1515,1515,accommodate,を収容する；を（～に）適応させる（to）,main
1516,1516,steer,（を）操縦する；を（～へ）向ける（to）,main
1517,1517,drown,溺死する；を水浸しにする,main
1518,1518,dip,を浸す；（手など）を（～に）突っ込む（into / in）；下がる,main
1519,1519,soak,を浸す；をずぶぬれにする；浸る,main
1520,1520,stir,をかき回す；を揺り動かす,main
1521,1521,transplant,を移植する；を移住させる,main
1522,1522,reassure,を安心させる,main
1523,1523,resume,（を）再開する；を取り戻す,main
1524,1524,speculate,（と）推測する；投機する,main
1525,1525,surpass,を上回る,main
1526,1526,appoint,を任命する；（日時・場所など）を指定する,main
1527,1527,intrigue,に興味を持たせる；陰謀を企てる,main
1528,1528,decay,腐敗する（≒ rot）；（徐々に）衰える,main
1529,1529,contaminate,を汚染する；を堕落させる,main
1530,1530,swell,膨張する，腫れる；を膨らませる,main
1531,1531,delete,を削除する，消す,main
1532,1532,tolerate,を許容する，我慢する（≒ put up with）,main
1533,1533,envy,をうらやむ,main
1534,1534,pray,（を）祈る,main
1535,1535,confess,（を）告白する,main
1536,1536,resign,（を）辞任する；を放棄する,main
1537,1537,dissolve,（を）溶かす；（議会など）を解散する；（契約など）を解消する；溶ける,main
1538,1538,unfold,（閉じたもの）を開く；を明らかにする；開く；明らかになる,main
1539,1539,awaken,を目覚めさせる；（～から）覚める（from）,main
1540,1540,conceive,（を）思いつく；と想像する；（を）妊娠する,main
1541,1541,entrepreneur,起業家，事業家,main
1542,1542,stake,利害関係；〔通例～s〕賭け金；杭,main
1543,1543,surplus,余剰（⇔ shortage 不足），過剰；黒字,main
1544,1544,inflation,インフレ（ーション）；（物価の）高騰,main
1545,1545,sweatshop,搾取工場,main
1546,1546,clash,衝突；対立；かち合うこと；ガチャンという音,main
1547,1547,sociology,社会学,main
1548,1548,ideology,イデオロギー，思想傾向,main
1549,1549,margin,余白；差；利ざや,main
1550,1550,realm,領域；領土,main
1551,1551,domain,分野；領域；ドメイン（＝ domain name）,main
1552,1552,algorithm,アルゴリズム；問題解決の手順,main
1553,1553,prairie,大草原,main
1554,1554,frontier,〔通例the ～s〕最先端；〔the ～〕 【米】辺境地；国境,main
1555,1555,bullet,銃弾,main
1556,1556,shield,盾，防御物,main
1557,1557,despair,絶望,main
1558,1558,radiation,放射能，放射線,main
1559,1559,placebo,偽薬，プラシーボ；気休め,main
1560,1560,nursery,託児所；苗床,main
1561,1561,spouse,配偶者,main
1562,1562,makeup,化粧；化粧品；構成；性質,main
1563,1563,mummy,ミイラ；【英】ママ，お母さん（＝ 【米】mommy）,main
1564,1564,flesh,（人・動物の）肉；果肉,main
1565,1565,limb,手足,main
1566,1566,odor,におい；気配,main
1567,1567,laundry,洗濯（物）；クリーニング店,main
1568,1568,tide,潮（の干満）；動向,main
1569,1569,questionnaire,アンケート,main
1570,1570,nonsense,ばかげた物［話，考え］；無意味な言葉,main
1571,1571,revenge,復讐,main
1572,1572,intellect,知性；〔the ～（s）〕知識人,main
1573,1573,hospitality,親切なもてなし，歓待；受容性,main
1574,1574,librarian,司書，図書館員,main
1575,1575,manuscript,（手書きの）原稿；写本,main
1576,1576,obsession,（考えなどに）取りつかれること；妄想；強迫観念,main
1577,1577,hygiene,衛生（状態）；健康法,main
1578,1578,paradigm,理論的枠組み，パラダイム；模範,main
1579,1579,legitimate,合法的な；妥当な,main
1580,1580,authentic,本物の；信頼できる,main
1581,1581,empirical,経験的な；経験主義の,main
1582,1582,immense,膨大な,main
1583,1583,absurd,ばかげた；不合理な,main
1584,1584,weird,異様な（≒ bizarre），奇妙な,main
1585,1585,accidental,偶然の；過失による,main
1586,1586,uneasy,不安な；落ち着かない；ぎこちない,main
1587,1587,jealous,嫉妬深い；用心深い,main
1588,1588,feminine,女らしい（⇔ masculine ⇒ 1681）,main
1589,1589,swift,素早い,main
1590,1590,hollow,空洞の；空虚な；うわべだけの,main
1591,1591,crude,大まかな；粗野な；未精製の,main
1592,1592,sore,痛い；腹が立って,main
1593,1593,pessimistic,悲観的な（⇔ optimistic ⇒ 882）,main
1594,1594,vain,無駄な；うぬぼれた,main
1595,1595,susceptible,（～の）影響を受けやすい（to）；感染しやすい,main
1596,1596,edible,食用の，食べられる,main
1597,1597,sheer,純然たる，真の；すごい；（布が）薄地の,main
1598,1598,explicit,明白な（⇔ implicit ⇒ 1795）；率直な,main
1599,1599,prone,（～に）なりやすい（to）；（...する）傾向がある（to do）,main
1600,1600,affluent,裕福な；豊富な,main
1601,1601,collaborate,共同して働く；（～に）協力する（with）,main
1602,1602,exert,を及ぼす；（力など）を行使する,main
1603,1603,excel,（～で）秀でている（in / at）；に勝る,main
1604,1604,prosper,栄える，成功する；繁殖する,main
1605,1605,surge,殺到する；（感情が）こみ上げる；急騰する,main
1606,1606,intervene,（～に）介入する（in）；介在する,main
1607,1607,insert,を挿入する,main
1608,1608,overtake,を追い抜く；に追いつく（≒ catch up with）；（災難・強い感情などが）を襲う,main
1609,1609,snap,をパチンと鳴らす；をポキッと折る；ポキッと折れる；パチンと音を立てる,main
1610,1610,carve,を彫る；を切り開く；（肉）を切り分ける,main
1611,1611,addict,〔受身形で〕（～の）中毒になる（to）；（～に）凝る,main
1612,1612,condemn,を非難する；〔受身形で〕（～の刑を）宣告される（to）,main
1613,1613,convict,に有罪を宣告する,main
1614,1614,dictate,を指図する；を書き取らせる；を規定する,main
1615,1615,prescribe,（薬など）を処方する；を規定する,main
1616,1616,inhibit,を抑制する；を妨げる,main
1617,1617,stray,はぐれる，（道に）迷う,main
1618,1618,roam,（を）歩き回る；放浪する,main
1619,1619,enclose,を同封する；を取り囲む,main
1620,1620,execute,を実行する；を処刑する,main
1621,1621,coincide,同時に起こる；一致する,main
1622,1622,lag,遅れる；徐々に弱まる,main
1623,1623,cling,しがみつく；くっつく,main
1624,1624,erase,を消す,main
1625,1625,grind,（穀物など）をひく,main
1626,1626,knit,を編む；を結合する；編み物をする,main
1627,1627,inquire,（を）尋ねる,main
1628,1628,betray,をうっかり表す；を裏切る,main
1629,1629,leak,漏れる；を漏らす,main
1630,1630,smash,を粉砕する；を強打する；粉々に壊れる；激突する,main
1631,1631,bounce,跳ねる；反射する；を弾ませる；（Ｅメールが）（宛先不明で）返送される,main
1632,1632,sprawl,（都市などが）不規則に広がる；だらしなく手足を伸ばす,main
1633,1633,converse,（～と）会話をする（with）,main
1634,1634,recite,を暗唱する；を詳述する,main
1635,1635,disregard,を無視する；を軽視する,main
1636,1636,frown,眉をひそめる,main
1637,1637,evoke,を呼び起こす,main
1638,1638,pledge,を誓う，約束する；を与えることを約束する,main
1639,1639,aspire,（～を）熱望する（to）,main
1640,1640,contemplate,（を）熟考する；を予想する,main
1641,1641,grace,優美，優雅；分別；（神の）恩寵,main
1642,1642,enlightenment,啓蒙，啓発,main
1643,1643,commerce,商業；貿易,main
1644,1644,draft,下書き；為替手形；隙間風,main
1645,1645,barrel,バレル（液量の単位）；たる,main
1646,1646,timber,【英】 木材（≒ 【米】lumber）；樹木,main
1647,1647,garment,衣服,main
1648,1648,thread,糸；（議論などの）筋道,main
1649,1649,cabinet,〔しばしばthe C-〕内閣；戸棚,main
1650,1650,bureau,（官庁の）局；事務局；案内所,main
1651,1651,autonomy,（個人の）自律；自治（権）；自治体,main
1652,1652,toll,損害（の程度）；死傷者数；通行料,main
1653,1653,discourse,話し合い，会話；講演；論説,main
1654,1654,superstition,迷信,main
1655,1655,glimpse,ちらりと見えること,main
1656,1656,arithmetic,計算；算数,main
1657,1657,glossary,用語小辞典；用語集,main
1658,1658,archive,〔しばしば～s〕記録文書，公文書；公文書保管所；（コンピューターの）アーカイブ,main
1659,1659,legacy,遺産,main
1660,1660,anthropology,人類学,main
1661,1661,rage,激怒；猛威,main
1662,1662,sorrow,悲しみ,main
1663,1663,psychiatrist,精神科医,main
1664,1664,ward,行政区；病棟,main
1665,1665,stall,露店；エンスト；失速,main
1666,1666,flame,炎；情熱,main
1667,1667,moisture,水分；湿気,main
1668,1668,irony,皮肉,main
1669,1669,warrior,戦士,main
1670,1670,astronomy,天文学,main
1671,1671,probe,（無人）宇宙探査機；（～の）精査（into）；探り針,main
1672,1672,altitude,高度，標高,main
1673,1673,tumor,腫瘍；腫れ物,main
1674,1674,defect,欠陥；不足,main
1675,1675,sanitation,公衆衛生（学）；下水［衛生］設備,main
1676,1676,longevity,長寿；寿命；長年勤続,main
1677,1677,scope,（活動・能力などの）範囲；余地,main
1678,1678,sentiment,感情；感想；感傷,main
1679,1679,plausible,もっともらしい,main
1680,1680,vigorous,精力的な；激しい；活力のある,main
1681,1681,masculine,男らしい（⇔ feminine ⇒ 1588）,main
1682,1682,rigid,厳しい；硬直した,main
1683,1683,adverse,不都合な；逆の,main
1684,1684,coherent,一貫した，筋の通った；結束した,main
1685,1685,literal,文字どおりの；逐語的な；散文的な,main
1686,1686,arbitrary,恣意的な；独断的な,main
1687,1687,anonymous,匿名の,main
1688,1688,antique,骨董の，アンティークの；古風な,main
1689,1689,eternal,永遠の；不変の,main
1690,1690,intermediate,中級の；中間の,main
1691,1691,subordinate,（～より）下位の（to）；副次的な,main
1692,1692,gloomy,陰気な；薄暗い；悲観的な,main
1693,1693,thermal,熱の，熱による；保温用の,main
1694,1694,faint,かすかな；めまいがする；弱々しい,main
1695,1695,naive,お人よしの，愚直な；純朴な,main
1696,1696,apt,（...する）傾向がある（to do）；適切な；利発な,main
1697,1697,arrogant,横柄な，傲慢な,main
1698,1698,extrovert,外向的な；社交的な,main
1699,1699,conspicuous,目立つ,main
1700,1700,intact,損なわれていない，手つかずの,main
1701,1701,embody,を具現する；を包含する,main
1702,1702,illuminate,を照らす；を解明する,main
1703,1703,console,を慰める,main
1704,1704,verify,の正しさを証明［確認］する,main
1705,1705,disclose,を公表する，暴く,main
1706,1706,stack,を積む，積み重ねる；〔～ upで〕（車が）渋滞する,main
1707,1707,rotate,回転する；循環する；を回転させる,main
1708,1708,constrain,に（...することを）強いる（to do）；を抑える,main
1709,1709,hinder,を妨げる,main
1710,1710,withstand,に耐える,main
1711,1711,tweet,（を）ツイートする，つぶやく,main
1712,1712,sneeze,くしゃみをする,main
1713,1713,erupt,（火山が）噴火する；勃発する,main
1714,1714,blur,をぼかす；を曇らせる；をあいまいにする,main
1715,1715,overlap,（一部）重なる；（と）重複［共通］する,main
1716,1716,embed,〔通例受身形で〕埋め込まれる，はめ込まれる,main
1717,1717,displace,に取って代わる（≒ replace）；を移動させる,main
1718,1718,render,を（ある状態に）する；（援助など）を与える,main
1719,1719,plunge,（～に）（を）突っ込む（into）；没頭する；陥る,main
1720,1720,surrender,を放棄する，引き渡す；（～に）屈する（to）,main
1721,1721,plug,〔plug inで〕のプラグを電源に差し込む；を（～で）ふさぐ（with）,main
1722,1722,suck,（を）吸う；（を）しゃぶる,main
1723,1723,mock,をばかにする（≒ make fun of）；のまねをしてからかう,main
1724,1724,tease,（を）からかう；をいじめる,main
1725,1725,soothe,をなだめる；を和らげる,main
1726,1726,stain,を汚す；に着色する,main
1727,1727,shun,を避ける,main
1728,1728,stumble,よろけながら歩く；（～に）つまずく（on / over）,main
1729,1729,flush,を紅潮させる；を水で流す；紅潮する,main
1730,1730,impair,を損なう,main
1731,1731,presume,と思う；と推定する；を前提とする,main
1732,1732,contend,と主張する；競う,main
1733,1733,roar,うなる，ほえる；大笑いする,main
1734,1734,haunt,（記憶・考えなどが）につきまとう；（幽霊などが）に出る；によく行く,main
1735,1735,divert,（注意など）をそらす；を迂回させる；（資金など）を転用する,main
1736,1736,await,を待つ（≒ wait for）,main
1737,1737,fetch,を（行って）持って［連れて］くる,main
1738,1738,unify,を統合［統一］する；統一される,main
1739,1739,inspect,を点検する；を視察する,main
1740,1740,entail,を伴う，引き起こす；（...すること）を含む（doing）,main
1741,1741,tactics,作戦，方策；戦術，戦法,main
1742,1742,feat,偉業，功績；妙技,main
1743,1743,prestige,名声；〔形容詞的に〕名声のある,main
1744,1744,analogy,類推；類似,main
1745,1745,conscience,良心；分別,main
1746,1746,textile,織物；繊維（産業）,main
1747,1747,deficit,赤字，不足；欠陥,main
1748,1748,plague,疫病；（害虫などの）異常発生,main
1749,1749,hazard,危険（要素）；偶然,main
1750,1750,metabolism,（新陳）代謝，代謝作用,main
1751,1751,paralysis,麻痺；〔比喩的に〕麻痺（状態）,main
1752,1752,grid,（電気などの）供給網；格子（模様）；碁盤目,main
1753,1753,carriage,馬車；車両（＝ 【米】car）；立ち居振舞い；【英】輸送,main
1754,1754,friction,不和；摩擦,main
1755,1755,rebel,反逆者,main
1756,1756,regime,政権，政体；体制,main
1757,1757,monopoly,独占（権）,main
1758,1758,staple,必需食品；主要産物,main
1759,1759,merchandise,商品,main
1760,1760,vendor,物売り，行商人；自動販売機,main
1761,1761,supervisor,監督者；指導教員,main
1762,1762,predecessor,前任者（⇔ successor 後継者）；前のもの,main
1763,1763,personnel,〔集合的に〕職員，社員,main
1764,1764,vessel,船舶；容器；（体液が通る）脈管,main
1765,1765,liver,肝臓,main
1766,1766,duration,（時間の）継続，持続（時間）,main
1767,1767,certificate,証明書；免許状,main
1768,1768,geometry,幾何学,main
1769,1769,symmetry,（左右）対称（⇔ asymmetry 非対称）；調和,main
1770,1770,biography,伝記,main
1771,1771,masterpiece,傑作,main
1772,1772,rhyme,押韻詩；韻；〔通例～s〕詩歌,main
1773,1773,premium,保険料；プレミア；景品,main
1774,1774,breakdown,崩壊；（神経）衰弱；故障；内訳,main
1775,1775,courtesy,礼儀正しさ；好意；優遇,main
1776,1776,protocol,（条約）議定書；外交儀礼；プロトコル,main
1777,1777,specimen,標本；実例,main
1778,1778,thesis,論文；命題，テーゼ,main
1779,1779,eligible,適格の，資格のある；（結婚相手として）望ましい,main
1780,1780,intrinsic,固有の，本質的な（⇔ extrinsic 非本質的な）,main
1781,1781,diligent,勤勉な；入念な,main
1782,1782,vocational,職業の，職業訓練の（ための）,main
1783,1783,bankrupt,破産宣告を受けた；破綻している,main
1784,1784,stern,厳しい；いかめしい,main
1785,1785,stubborn,頑固な，強情な（≒ obstinate）；手に負えない,main
1786,1786,maternal,母の，母親らしい（⇔ paternal 父の）；妊婦の,main
1787,1787,fertile,肥沃な（⇔ barren 不毛の）；多産の,main
1788,1788,ripe,熟した；成熟した,main
1789,1789,stiff,硬直した，凝った；堅い,main
1790,1790,obsolete,廃れた，使われなくなった；古くなった,main
1791,1791,vacant,空いている,main
1792,1792,acoustic,音響の；聴覚の；（楽器が）アコースティックの,main
1793,1793,preliminary,予備の，準備の,main
1794,1794,approximate,おおよその,main
1795,1795,implicit,暗黙の（⇔ explicit ⇒ 1598）；内在する,main
1796,1796,punctual,時間を守る,main
1797,1797,compatible,矛盾しない；互換性のある；気が合う,main
1798,1798,ample,十分すぎるほどの；広い,main
1799,1799,pervasive,隅々に広がった；浸透する；充満する,main
1800,1800,ubiquitous,至る所にある,main
1801,1801,deduce,を推測する，演繹する,main
1802,1802,simulate,を模擬実験する；を装う；をまねる,main
1803,1803,merge,（を）合併する；を融合させる；溶け込む,main
1804,1804,penetrate,（に）浸透する；（に）進出する；（を）貫く；（を）見抜く,main
1805,1805,cater,（の）料理をまかなう；（要望などに）応える,main
1806,1806,assault,に暴行する；を攻撃する,main
1807,1807,torture,を拷問にかける；を苦しめる,main
1808,1808,bleed,出血する,main
1809,1809,erect,を建てる；を直立させる,main
1810,1810,cherish,を大切にする；を心に抱く,main
1811,1811,arouse,（感情など）を引き起こす；を目覚めさせる,main
1812,1812,doom,〔通例受身形で〕運命にある,main
1813,1813,mourn,（を）悼む（≒ grieve）；（を）嘆く,main
1814,1814,dread,をひどく恐れる,main
1815,1815,nourish,に栄養を与える；をはぐくむ,main
1816,1816,inject,（人）に注射する，を注入する；を導入する,main
1817,1817,swear,（～を）ののしる（at）；（を）誓う（≒ vow）,main
1818,1818,bid,（～に）の値をつける（for ⇒ on）；（挨拶）を述べる,main
1819,1819,corrupt,を堕落させる；を買収する；堕落する,main
1820,1820,preoccupy,の心を奪う，を夢中にさせる,main
1821,1821,browse,（を）拾い読みする；（を）閲覧する；（商品など）を見て歩く,main
1822,1822,compile,を編集する；（資料など）をまとめる,main
1823,1823,allocate,を割り当てる，分配する,main
1824,1824,offset,を相殺する，埋め合わせる；をオフセット印刷にする,main
1825,1825,restrain,を制止する；を規制する,main
1826,1826,comply,従う，応じる,main
1827,1827,expire,期限が切れる,main
1828,1828,embark,（～に）乗り出す（on）；乗船［搭乗］する,main
1829,1829,flap,パタパタ動く；羽ばたく（≒ flutter）；をパタパタ動かす,main
1830,1830,furnish,に（～を）備えつける（with）,main
1831,1831,forge,を偽造する；（関係など）を築く；を鍛造する,main
1832,1832,thrust,を押しつける；を突き刺す；押し進む,main
1833,1833,dispatch,を派遣する；を発送する；を処理する,main
1834,1834,resent,に憤慨する,main
1835,1835,reconcile,を（～と）一致させる（with）；を和解させる,main
1836,1836,allege,を主張する,main
1837,1837,oppress,を抑圧［迫害］する；を悩ませる,main
1838,1838,expel,を追放する；を吐き出す,main
1839,1839,ascend,（を）上がる（⇔ descend ⇒ 1337）,main
1840,1840,commence,始まる；を開始する；...し始める（to do / doing）⇒ commence work 仕事［作業］を始める,main
1841,1841,advent,〔the ～〕出現，到来,main
1842,1842,reign,治世；統治,main
1843,1843,diplomacy,外交（的手腕）,main
1844,1844,embassy,大使館；大使一行,main
1845,1845,exile,亡命（者）；（国外）追放,main
1846,1846,refuge,避難（所）；保護,main
1847,1847,plight,窮状（＝ predicament）；（悪い）状態,main
1848,1848,solitude,ひとりでいること；孤独,main
1849,1849,fallacy,誤った考え，誤信；錯誤,main
1850,1850,latitude,緯度；（行動・思想などの）許容範囲,main
1851,1851,eclipse,（日食・月食などの）食；（名声などの）失墜,main
1852,1852,basin,流域；盆地，海盆；洗面器［台］,main
1853,1853,erosion,浸食；衰退,main
1854,1854,archaeology,考古学,main
1855,1855,errand,（人の）使い，使い走り；用件,main
1856,1856,mercy,慈悲；〔通例a ～〕幸運,main
1857,1857,rhetoric,修辞（法）；美辞麗句,main
1858,1858,verse,韻文（⇔ prose 散文）；詩,main
1859,1859,congestion,混雑,main
1860,1860,sewage,下水,main
1861,1861,complement,（～の）補完物，補足（to）；（文法の）補語,main
1862,1862,subsidy,補助金；報奨金,main
1863,1863,mortgage,住宅ローン；抵当（権）,main
1864,1864,attorney,【米】 弁護士；代理人,main
1865,1865,outfit,衣装一式；装備［道具］一式；組織,main
1866,1866,bulk,〔the ～〕（～の）大半（of）；大きさ；大量,main
1867,1867,reunion,再会（の集い）；再結合,main
1868,1868,synthesis,合成；総合（⇔ analysis ⇒ 363）,main
1869,1869,mold,鋳型；鋳物；性格；かび,main
1870,1870,thirst,（のどの）渇き；（～に対する）渇望（for）,main
1871,1871,greed,強欲,main
1872,1872,bribe,賄賂,main
1873,1873,contempt,軽蔑；恥辱,main
1874,1874,texture,感触，手触り；本質；質感,main
1875,1875,orphan,孤児,main
1876,1876,harassment,嫌がらせ，ハラスメント,main
1877,1877,hay,干し草,main
1878,1878,doctrine,教義；【米】（政策上の）主義,main
1879,1879,holistic,全体論の；（医療が）ホリスティックの,main
1880,1880,liable,しがちな；（～を）受けやすい（to）；責任がある,main
1881,1881,earnest,まじめな，熱心な,main
1882,1882,intelligible,（簡単に）理解できる,main
1883,1883,abrupt,突然の（≒ sudden）,main
1884,1884,reckless,無謀な；（～を）顧みない（of）,main
1885,1885,furious,激怒した；猛烈な,main
1886,1886,eloquent,雄弁な；説得力のある,main
1887,1887,juvenile,青少年の,main
1888,1888,notorious,悪名高い（≒ infamous）,main
1889,1889,timid,臆病な；内気な,main
1890,1890,humid,湿気のある（≒ muggy 蒸し暑い）,main
1891,1891,contagious,感染（性）の；病気を伝染する,main
1892,1892,cynical,冷笑的な，皮肉な,main
1893,1893,dumb,ばかげた；口のきけない；無言の,main
1894,1894,monotonous,単調な,main
1895,1895,perpetual,永続的な；ひっきりなしの,main
1896,1896,dizzy,目まいがする；当惑した,main
1897,1897,weary,疲れ果てた；（～に）うんざりした（of）,main
1898,1898,numb,麻痺した，無感覚な；ぼう然とした,main
1899,1899,mortal,致命的な（≒ fatal）；死すべき（運命の）,main
1900,1900,zealous,熱心な；熱狂的な,main